respondent_id,survey_wave,city_tier,region,vehicle_type,vehicle_age_years,e20_factory_compatible,monthly_fuel_spend_inr,experienced_mileage_drop,mileage_drop_bucket,experienced_repair_wear_increase,govt_e20_handling_sentiment,wants_e0_e10_choice_back,prior_awareness_of_separator_devices,price_point_shown_inr,purchase_likelihood_1to5,nps_0to10,preferred_payment_mode,primary_motivator,household_income_bucket
R100000,Wave 1 - Jul 2026,Tier-2,West,Hatchback,4.5,No,2673,No,None noticed,No,Disastrous,Yes,No,3999,2,4,No-cost EMI (installments),Restore lost mileage,₹6-10L
R100001,Wave 2 - Jul 2026,Tier-1,West,SUV,3.4,No,6192,Yes,10-15%,Yes,Positive,Yes,No,4499,5,9,Subscription (device+cartridges bundled),Restore lost mileage,₹6-10L
R100002,Wave 1 - Jul 2026,Tier-3,East,Sedan,1.9,Yes,4224,Yes,10-15%,No,Disastrous,No,No,3999,5,9,One-time payment,Save money long-term vs additives,₹10-20L
R100003,Wave 1 - Jul 2026,Tier-2,West,SUV,2.7,No,7249,No,None noticed,No,Positive,No,No,4499,1,0,One-time payment,Not sure / still skeptical,<₹3L
R100004,Wave 1 - Jul 2026,Metro,North,SUV,1.6,Yes,5952,No,None noticed,No,Neutral/Mixed,No,No,3999,4,7,No-cost EMI (installments),Environmental/fuel-quality concern,<₹3L
R100005,Wave 1 - Jul 2026,Tier-3,North,Two-wheeler,4.3,No,1673,Yes,15%+,No,Neutral/Mixed,No,Yes,5999,4,7,No-cost EMI (installments),Protect engine/seals from damage,₹3-6L
R100006,Wave 2 - Jul 2026,Tier-2,West,Hatchback,0.9,Yes,3279,Yes,10-15%,No,Positive,No,No,5999,3,5,No-cost EMI (installments),Restore lost mileage,₹3-6L
R100007,Wave 1 - Jul 2026,Tier-2,South,Two-wheeler,8.6,No,1050,Yes,10-15%,Yes,Ineffective,No,No,3999,4,6,No-cost EMI (installments),Save money long-term vs additives,₹6-10L
R100008,Wave 1 - Jul 2026,Metro,South,Two-wheeler,7.5,No,1246,Yes,10-15%,No,Positive,No,Yes,5999,4,7,No-cost EMI (installments),Save money long-term vs additives,₹10-20L
R100009,Wave 2 - Jul 2026,Tier-1,South,Commercial/Fleet,4.6,No,23643,Yes,5-10%,Yes,Ineffective,Yes,No,3999,5,7,One-time payment,Restore lost mileage,>₹20L
R100010,Wave 1 - Jul 2026,Tier-1,East,Sedan,6.1,No,6149,Yes,10-15%,Yes,Disastrous,Yes,No,3999,5,10,One-time payment,Protect engine/seals from damage,₹3-6L
R100011,Wave 1 - Jul 2026,Tier-3,East,Commercial/Fleet,5.9,No,17984,No,None noticed,Yes,Neutral/Mixed,Yes,No,4499,5,8,No-cost EMI (installments),Restore lost mileage,₹3-6L
R100012,Wave 2 - Jul 2026,Tier-2,West,Two-wheeler,3.8,No,838,Yes,10-15%,Yes,Disastrous,Yes,No,3999,5,10,One-time payment,Restore lost mileage,₹10-20L
R100013,Wave 1 - Jul 2026,Tier-3,South,Hatchback,3.0,No,2856,Yes,15%+,Yes,Disastrous,No,Yes,3999,5,6,One-time payment,Restore lost mileage,₹3-6L
R100014,Wave 2 - Jul 2026,Tier-1,South,Hatchback,2.7,Yes,2697,No,None noticed,No,Ineffective,Yes,No,5999,1,2,One-time payment,Not sure / still skeptical,₹10-20L
R100015,Wave 1 - Jul 2026,Metro,West,Two-wheeler,8.8,No,1912,Yes,10-15%,Yes,Disastrous,Yes,Yes,5999,5,7,One-time payment,Protect engine/seals from damage,₹6-10L
R100016,Wave 1 - Jul 2026,Tier-2,South,Two-wheeler,1.8,No,1608,No,None noticed,No,Ineffective,No,No,5999,1,0,No-cost EMI (installments),Save money long-term vs additives,₹10-20L
R100017,Wave 1 - Jul 2026,Metro,West,Hatchback,1.9,Yes,3187,No,None noticed,Yes,Ineffective,No,No,5999,1,0,No-cost EMI (installments),Not sure / still skeptical,<₹3L
R100018,Wave 1 - Jul 2026,Tier-3,West,Two-wheeler,6.5,No,1179,Yes,10-15%,No,Ineffective,Yes,No,4499,2,3,No-cost EMI (installments),Not sure / still skeptical,>₹20L
R100019,Wave 1 - Jul 2026,Tier-2,North,Commercial/Fleet,6.1,No,14225,Yes,10-15%,Yes,Ineffective,No,Yes,3999,5,9,No-cost EMI (installments),Restore lost mileage,>₹20L
R100020,Wave 1 - Jul 2026,Tier-2,North,Two-wheeler,2.9,No,1053,Yes,10-15%,Yes,Neutral/Mixed,Yes,Yes,3999,3,6,No-cost EMI (installments),Restore lost mileage,<₹3L
R100021,Wave 2 - Jul 2026,Tier-1,North,Two-wheeler,4.9,No,1580,Yes,10-15%,Yes,Positive,No,No,4499,5,8,No-cost EMI (installments),Restore lost mileage,₹6-10L
R100022,Wave 1 - Jul 2026,Tier-3,Central,Sedan,5.4,No,5333,Yes,10-15%,No,Neutral/Mixed,Yes,No,5999,4,6,One-time payment,Restore lost mileage,₹6-10L
R100023,Wave 2 - Jul 2026,Tier-3,West,Two-wheeler,1.2,Yes,2216,No,None noticed,No,Neutral/Mixed,No,No,3999,2,2,One-time payment,Not sure / still skeptical,₹3-6L
R100024,Wave 1 - Jul 2026,Tier-2,North,Commercial/Fleet,7.8,Yes,24977,Yes,0-5%,Yes,Disastrous,Yes,No,3999,5,9,No-cost EMI (installments),Save money long-term vs additives,>₹20L
R100025,Wave 2 - Jul 2026,Metro,Central,Sedan,5.4,No,7927,Yes,15%+,No,Positive,No,No,4499,4,4,One-time payment,Restore lost mileage,₹3-6L
R100026,Wave 1 - Jul 2026,Tier-1,South,Two-wheeler,4.7,No,1663,Yes,10-15%,Yes,Disastrous,No,Yes,5999,5,9,No-cost EMI (installments),Protect engine/seals from damage,₹3-6L
R100027,Wave 2 - Jul 2026,Metro,South,Sedan,5.4,No,5114,No,None noticed,Yes,Disastrous,Yes,No,4499,3,4,One-time payment,Protect engine/seals from damage,<₹3L
R100028,Wave 1 - Jul 2026,Metro,Central,Hatchback,4.3,No,4903,No,None noticed,Yes,Ineffective,Yes,No,5999,2,4,No-cost EMI (installments),Restore lost mileage,₹6-10L
R100029,Wave 1 - Jul 2026,Tier-2,North,Sedan,3.2,No,5233,Yes,10-15%,Yes,Ineffective,Yes,Yes,4499,5,8,One-time payment,Restore lost mileage,₹10-20L
R100030,Wave 1 - Jul 2026,Tier-2,North,SUV,3.8,No,11943,Yes,10-15%,Yes,Ineffective,Yes,No,4499,5,8,One-time payment,Restore lost mileage,₹6-10L
R100031,Wave 2 - Jul 2026,Tier-3,West,Sedan,1.1,Yes,6457,No,None noticed,No,Disastrous,Yes,No,4499,4,8,No-cost EMI (installments),Restore lost mileage,₹6-10L
R100032,Wave 2 - Jul 2026,Tier-1,North,Hatchback,11.0,No,4509,Yes,10-15%,Yes,Ineffective,Yes,No,5999,5,10,No-cost EMI (installments),Restore lost mileage,<₹3L
R100033,Wave 2 - Jul 2026,Tier-1,West,Two-wheeler,3.2,Yes,1450,No,None noticed,Yes,Disastrous,No,No,5999,4,8,One-time payment,Protect engine/seals from damage,₹10-20L
R100034,Wave 1 - Jul 2026,Tier-1,North,Sedan,10.9,No,8626,No,None noticed,Yes,Disastrous,Yes,No,4499,3,5,No-cost EMI (installments),Protect engine/seals from damage,₹6-10L
R100035,Wave 1 - Jul 2026,Metro,North,Commercial/Fleet,3.9,No,11073,Yes,10-15%,Yes,Disastrous,Yes,No,3999,5,10,One-time payment,Protect engine/seals from damage,₹6-10L
R100036,Wave 1 - Jul 2026,Metro,North,Hatchback,2.2,No,6362,No,None noticed,No,Neutral/Mixed,No,No,3999,2,5,One-time payment,Save money long-term vs additives,₹6-10L
R100037,Wave 2 - Jul 2026,Tier-1,South,Sedan,7.7,No,5498,No,None noticed,Yes,Neutral/Mixed,No,No,3999,2,2,One-time payment,Environmental/fuel-quality concern,>₹20L
R100038,Wave 1 - Jul 2026,Metro,North,Two-wheeler,4.5,No,849,Yes,10-15%,Yes,Disastrous,Yes,No,3999,5,8,One-time payment,Restore lost mileage,₹10-20L
R100039,Wave 2 - Jul 2026,Tier-2,North,Sedan,13.5,No,4578,Yes,10-15%,Yes,Disastrous,No,Yes,3999,5,10,One-time payment,Environmental/fuel-quality concern,₹6-10L
R100040,Wave 2 - Jul 2026,Tier-1,East,Commercial/Fleet,2.2,Yes,9949,No,None noticed,No,Disastrous,No,No,5999,4,6,Subscription (device+cartridges bundled),Restore lost mileage,₹6-10L
R100041,Wave 1 - Jul 2026,Tier-3,South,Two-wheeler,7.9,No,1656,Yes,10-15%,Yes,Ineffective,No,No,5999,5,9,One-time payment,Protect engine/seals from damage,<₹3L
R100042,Wave 2 - Jul 2026,Tier-2,South,Two-wheeler,8.2,No,993,Yes,10-15%,No,Positive,No,No,5999,3,5,Subscription (device+cartridges bundled),Restore lost mileage,₹6-10L
R100043,Wave 1 - Jul 2026,Tier-1,North,Hatchback,5.7,No,4398,Yes,10-15%,No,Ineffective,Yes,Yes,5999,5,8,One-time payment,Restore lost mileage,₹6-10L
R100044,Wave 1 - Jul 2026,Tier-3,South,Hatchback,8.2,No,5534,Yes,15%+,No,Ineffective,Yes,No,5999,4,6,No-cost EMI (installments),Protect engine/seals from damage,₹10-20L
R100045,Wave 1 - Jul 2026,Tier-2,South,Hatchback,3.3,No,3410,Yes,15%+,Yes,Neutral/Mixed,Yes,No,5999,5,10,No-cost EMI (installments),Save money long-term vs additives,₹6-10L
R100046,Wave 1 - Jul 2026,Tier-1,West,Two-wheeler,1.8,Yes,1295,Yes,10-15%,No,Disastrous,Yes,No,3999,4,6,No-cost EMI (installments),Not sure / still skeptical,₹3-6L
R100047,Wave 1 - Jul 2026,Tier-1,North,Two-wheeler,2.4,Yes,889,Yes,5-10%,No,Disastrous,No,Yes,3999,3,6,One-time payment,Protect engine/seals from damage,₹3-6L
R100048,Wave 2 - Jul 2026,Tier-2,Central,Hatchback,3.7,Yes,3743,Yes,0-5%,Yes,Disastrous,No,Yes,3999,5,8,One-time payment,Restore lost mileage,<₹3L
R100049,Wave 2 - Jul 2026,Metro,Central,Hatchback,5.8,No,7227,Yes,10-15%,Yes,Disastrous,No,No,5999,5,8,No-cost EMI (installments),Save money long-term vs additives,₹10-20L
R100050,Wave 1 - Jul 2026,Metro,North,Sedan,1.9,Yes,7063,Yes,0-5%,No,Ineffective,No,No,3999,4,9,One-time payment,Restore lost mileage,>₹20L
R100051,Wave 2 - Jul 2026,Metro,North,Sedan,2.7,No,5370,Yes,10-15%,Yes,Disastrous,Yes,No,4499,4,5,No-cost EMI (installments),Protect engine/seals from damage,₹6-10L
R100052,Wave 2 - Jul 2026,Tier-2,North,Hatchback,2.1,Yes,3481,No,None noticed,No,Ineffective,No,No,4499,3,5,No-cost EMI (installments),Environmental/fuel-quality concern,₹6-10L
R100053,Wave 1 - Jul 2026,Tier-2,West,SUV,6.5,No,8102,Yes,10-15%,No,Ineffective,Yes,No,4499,4,9,One-time payment,Protect engine/seals from damage,₹6-10L
R100054,Wave 1 - Jul 2026,Tier-2,North,Hatchback,10.9,No,4353,Yes,10-15%,Yes,Disastrous,Yes,No,4499,4,7,No-cost EMI (installments),Protect engine/seals from damage,₹3-6L
R100055,Wave 2 - Jul 2026,Tier-2,East,Hatchback,1.6,Yes,3707,Yes,5-10%,No,Disastrous,No,No,5999,3,6,One-time payment,Restore lost mileage,₹3-6L
R100056,Wave 1 - Jul 2026,Tier-1,East,Hatchback,5.1,No,4823,Yes,15%+,No,Neutral/Mixed,Yes,Yes,4499,3,5,Subscription (device+cartridges bundled),Restore lost mileage,₹3-6L
R100057,Wave 1 - Jul 2026,Tier-2,East,Two-wheeler,7.1,No,1026,Yes,10-15%,No,Ineffective,Yes,No,5999,2,2,Subscription (device+cartridges bundled),Not sure / still skeptical,>₹20L
R100058,Wave 2 - Jul 2026,Metro,West,Two-wheeler,3.0,No,1024,No,None noticed,No,Disastrous,Yes,No,3999,3,4,No-cost EMI (installments),Restore lost mileage,<₹3L
R100059,Wave 2 - Jul 2026,Metro,Central,Hatchback,1.1,Yes,4635,No,None noticed,No,Ineffective,Yes,No,5999,3,2,Subscription (device+cartridges bundled),Protect engine/seals from damage,₹6-10L
R100060,Wave 2 - Jul 2026,Tier-2,North,SUV,7.6,No,5517,No,None noticed,No,Disastrous,Yes,No,4499,4,6,No-cost EMI (installments),Protect engine/seals from damage,₹3-6L
R100061,Wave 2 - Jul 2026,Tier-1,South,Sedan,1.1,Yes,6984,No,None noticed,Yes,Disastrous,Yes,No,3999,4,7,One-time payment,Protect engine/seals from damage,₹6-10L
R100062,Wave 1 - Jul 2026,Tier-2,South,Two-wheeler,9.1,No,1394,Yes,10-15%,Yes,Disastrous,Yes,No,5999,3,5,One-time payment,Restore lost mileage,₹3-6L
R100063,Wave 2 - Jul 2026,Tier-2,Central,Hatchback,2.0,Yes,2050,Yes,0-5%,No,Disastrous,No,No,5999,3,8,One-time payment,Restore lost mileage,>₹20L
R100064,Wave 2 - Jul 2026,Tier-2,West,Two-wheeler,0.9,No,1443,Yes,0-5%,No,Neutral/Mixed,No,No,5999,3,5,No-cost EMI (installments),Protect engine/seals from damage,₹3-6L
R100065,Wave 1 - Jul 2026,Tier-2,East,Sedan,2.5,Yes,3063,Yes,0-5%,No,Neutral/Mixed,No,No,5999,4,8,No-cost EMI (installments),Protect engine/seals from damage,>₹20L
R100066,Wave 1 - Jul 2026,Tier-2,North,SUV,3.5,Yes,9792,No,None noticed,Yes,Neutral/Mixed,No,No,4499,4,8,No-cost EMI (installments),Save money long-term vs additives,₹6-10L
R100067,Wave 1 - Jul 2026,Tier-1,Central,Hatchback,4.0,No,3908,Yes,10-15%,Yes,Ineffective,No,No,3999,5,10,No-cost EMI (installments),Restore lost mileage,₹6-10L
R100068,Wave 2 - Jul 2026,Metro,South,Hatchback,5.4,No,6377,Yes,10-15%,Yes,Ineffective,No,No,3999,5,9,One-time payment,Environmental/fuel-quality concern,₹10-20L
R100069,Wave 2 - Jul 2026,Tier-1,South,Two-wheeler,4.2,No,1820,Yes,5-10%,Yes,Ineffective,No,No,5999,4,7,One-time payment,Restore lost mileage,₹6-10L
R100070,Wave 2 - Jul 2026,Metro,Central,Two-wheeler,10.3,No,984,No,None noticed,No,Positive,No,No,5999,3,4,One-time payment,Protect engine/seals from damage,₹3-6L
R100071,Wave 1 - Jul 2026,Tier-1,South,SUV,3.4,Yes,3560,Yes,0-5%,Yes,Ineffective,No,No,5999,4,7,Subscription (device+cartridges bundled),Environmental/fuel-quality concern,₹10-20L
R100072,Wave 2 - Jul 2026,Tier-3,South,Sedan,4.4,No,4574,Yes,10-15%,Yes,Ineffective,Yes,No,5999,5,9,No-cost EMI (installments),Save money long-term vs additives,₹6-10L
R100073,Wave 1 - Jul 2026,Metro,West,Hatchback,4.2,No,2764,No,None noticed,No,Positive,No,No,4499,3,5,One-time payment,Protect engine/seals from damage,₹6-10L
R100074,Wave 2 - Jul 2026,Metro,North,Two-wheeler,0.8,Yes,2116,Yes,0-5%,No,Ineffective,Yes,No,3999,2,1,One-time payment,Save money long-term vs additives,₹10-20L
R100075,Wave 1 - Jul 2026,Tier-1,South,Two-wheeler,1.3,Yes,1396,Yes,0-5%,No,Disastrous,No,No,3999,4,7,Subscription (device+cartridges bundled),Save money long-term vs additives,₹6-10L
R100076,Wave 2 - Jul 2026,Tier-1,North,Two-wheeler,3.7,Yes,1766,No,None noticed,Yes,Disastrous,Yes,No,4499,2,4,One-time payment,Restore lost mileage,₹3-6L
R100077,Wave 1 - Jul 2026,Tier-2,North,Two-wheeler,4.8,No,1288,Yes,10-15%,Yes,Disastrous,No,No,5999,2,2,No-cost EMI (installments),Protect engine/seals from damage,₹3-6L
R100078,Wave 1 - Jul 2026,Tier-2,East,Two-wheeler,0.5,Yes,1330,Yes,10-15%,Yes,Disastrous,No,No,3999,5,10,One-time payment,Protect engine/seals from damage,₹3-6L
R100079,Wave 1 - Jul 2026,Tier-2,West,Commercial/Fleet,10.6,No,18331,Yes,10-15%,Yes,Disastrous,No,No,5999,5,9,One-time payment,Save money long-term vs additives,₹6-10L
R100080,Wave 2 - Jul 2026,Tier-2,South,Hatchback,5.0,No,5501,Yes,10-15%,No,Disastrous,Yes,Yes,5999,4,7,No-cost EMI (installments),Protect engine/seals from damage,₹3-6L
R100081,Wave 1 - Jul 2026,Tier-1,South,Two-wheeler,3.5,Yes,1522,No,None noticed,No,Ineffective,Yes,No,3999,4,7,No-cost EMI (installments),Protect engine/seals from damage,₹3-6L
R100082,Wave 2 - Jul 2026,Tier-2,South,Two-wheeler,4.9,Yes,986,No,None noticed,Yes,Positive,No,No,5999,4,6,No-cost EMI (installments),Not sure / still skeptical,₹10-20L
R100083,Wave 1 - Jul 2026,Metro,West,Two-wheeler,2.4,Yes,2036,No,None noticed,No,Neutral/Mixed,No,No,4499,2,0,One-time payment,Restore lost mileage,₹3-6L
R100084,Wave 1 - Jul 2026,Metro,Central,SUV,4.0,No,7528,Yes,5-10%,Yes,Disastrous,No,No,5999,5,10,Subscription (device+cartridges bundled),Save money long-term vs additives,₹3-6L
R100085,Wave 1 - Jul 2026,Metro,Central,Two-wheeler,4.5,No,1221,Yes,10-15%,Yes,Disastrous,Yes,No,4499,5,10,No-cost EMI (installments),Restore lost mileage,₹10-20L
R100086,Wave 1 - Jul 2026,Tier-2,South,Sedan,7.7,No,1205,No,None noticed,No,Ineffective,No,No,4499,3,5,Subscription (device+cartridges bundled),Environmental/fuel-quality concern,₹10-20L
R100087,Wave 1 - Jul 2026,Tier-1,South,SUV,3.1,No,9657,Yes,10-15%,Yes,Ineffective,No,No,3999,5,10,One-time payment,Protect engine/seals from damage,₹10-20L
R100088,Wave 1 - Jul 2026,Metro,South,Two-wheeler,1.1,Yes,1440,No,None noticed,No,Neutral/Mixed,Yes,No,4499,2,2,One-time payment,Protect engine/seals from damage,₹3-6L
R100089,Wave 1 - Jul 2026,Tier-1,West,Hatchback,1.8,Yes,4318,No,None noticed,No,Disastrous,Yes,Yes,5999,3,6,No-cost EMI (installments),Save money long-term vs additives,₹6-10L
R100090,Wave 2 - Jul 2026,Metro,South,Commercial/Fleet,3.0,No,16413,No,None noticed,No,Neutral/Mixed,No,No,5999,3,5,No-cost EMI (installments),Not sure / still skeptical,>₹20L
R100091,Wave 1 - Jul 2026,Tier-2,West,Two-wheeler,1.2,Yes,1175,Yes,5-10%,No,Disastrous,No,No,5999,2,3,No-cost EMI (installments),Environmental/fuel-quality concern,₹3-6L
R100092,Wave 1 - Jul 2026,Tier-1,West,Two-wheeler,1.6,Yes,1255,No,None noticed,No,Neutral/Mixed,No,No,3999,3,3,One-time payment,Restore lost mileage,<₹3L
R100093,Wave 2 - Jul 2026,Tier-1,South,Commercial/Fleet,1.8,Yes,20899,No,None noticed,Yes,Positive,No,No,5999,3,4,One-time payment,Restore lost mileage,₹3-6L
R100094,Wave 1 - Jul 2026,Tier-1,South,SUV,2.8,Yes,9667,Yes,0-5%,No,Neutral/Mixed,No,No,3999,5,10,One-time payment,Protect engine/seals from damage,₹10-20L
R100095,Wave 1 - Jul 2026,Tier-2,South,Hatchback,5.0,No,3928,Yes,5-10%,Yes,Disastrous,Yes,No,3999,5,10,One-time payment,Protect engine/seals from damage,₹3-6L
R100096,Wave 1 - Jul 2026,Tier-1,North,Hatchback,2.7,No,5316,Yes,10-15%,No,Ineffective,No,Yes,5999,2,4,No-cost EMI (installments),Save money long-term vs additives,₹6-10L
R100097,Wave 1 - Jul 2026,Metro,North,Two-wheeler,5.2,No,1369,Yes,15%+,Yes,Ineffective,No,No,5999,3,3,One-time payment,Restore lost mileage,₹6-10L
R100098,Wave 1 - Jul 2026,Metro,West,SUV,3.5,No,7042,Yes,10-15%,Yes,Neutral/Mixed,No,No,5999,5,7,One-time payment,Protect engine/seals from damage,>₹20L
R100099,Wave 1 - Jul 2026,Tier-3,South,Hatchback,1.7,No,4433,No,None noticed,No,Ineffective,Yes,No,5999,2,3,No-cost EMI (installments),Save money long-term vs additives,₹3-6L
R100100,Wave 1 - Jul 2026,Tier-3,North,Two-wheeler,4.5,No,867,Yes,15%+,No,Ineffective,No,No,3999,3,4,One-time payment,Restore lost mileage,₹6-10L
R100101,Wave 2 - Jul 2026,Tier-2,West,Sedan,4.1,No,6178,Yes,15%+,No,Disastrous,No,No,3999,5,10,Subscription (device+cartridges bundled),Restore lost mileage,>₹20L
R100102,Wave 2 - Jul 2026,Metro,East,Commercial/Fleet,5.3,No,10511,Yes,15%+,No,Disastrous,Yes,No,3999,5,7,One-time payment,Protect engine/seals from damage,₹3-6L
R100103,Wave 1 - Jul 2026,Tier-3,South,SUV,6.0,No,5840,Yes,5-10%,No,Ineffective,Yes,No,4499,2,2,Subscription (device+cartridges bundled),Not sure / still skeptical,₹6-10L
R100104,Wave 1 - Jul 2026,Tier-2,East,Two-wheeler,7.9,No,609,Yes,15%+,Yes,Disastrous,No,No,4499,5,9,No-cost EMI (installments),Protect engine/seals from damage,<₹3L
R100105,Wave 1 - Jul 2026,Tier-2,Central,Two-wheeler,5.1,No,1331,Yes,10-15%,Yes,Disastrous,Yes,Yes,3999,4,8,No-cost EMI (installments),Restore lost mileage,₹3-6L
R100106,Wave 1 - Jul 2026,Tier-1,West,Commercial/Fleet,4.0,No,26838,No,None noticed,Yes,Neutral/Mixed,No,No,4499,5,8,No-cost EMI (installments),Save money long-term vs additives,<₹3L
R100107,Wave 2 - Jul 2026,Metro,West,Commercial/Fleet,5.3,No,17894,Yes,10-15%,Yes,Disastrous,Yes,No,4499,5,7,No-cost EMI (installments),Restore lost mileage,₹3-6L
R100108,Wave 1 - Jul 2026,Metro,North,Hatchback,2.5,Yes,4957,Yes,0-5%,No,Positive,No,No,5999,4,7,No-cost EMI (installments),Not sure / still skeptical,₹3-6L
R100109,Wave 1 - Jul 2026,Tier-3,Central,Hatchback,2.4,Yes,6966,No,None noticed,No,Positive,Yes,No,4499,2,3,One-time payment,Save money long-term vs additives,₹10-20L
R100110,Wave 2 - Jul 2026,Tier-1,South,Hatchback,8.5,No,4675,Yes,10-15%,Yes,Neutral/Mixed,Yes,Yes,3999,2,4,Subscription (device+cartridges bundled),Not sure / still skeptical,₹6-10L
R100111,Wave 2 - Jul 2026,Metro,Central,Two-wheeler,2.3,Yes,1100,No,None noticed,No,Positive,No,Yes,4499,2,2,One-time payment,Not sure / still skeptical,₹6-10L
R100112,Wave 1 - Jul 2026,Tier-1,West,Two-wheeler,1.8,Yes,1154,No,None noticed,No,Ineffective,Yes,No,5999,1,1,No-cost EMI (installments),Not sure / still skeptical,₹6-10L
R100113,Wave 2 - Jul 2026,Tier-2,North,Two-wheeler,5.1,No,1400,No,None noticed,Yes,Disastrous,No,No,3999,5,10,One-time payment,Restore lost mileage,>₹20L
R100114,Wave 2 - Jul 2026,Metro,North,Two-wheeler,2.5,Yes,1152,Yes,0-5%,No,Neutral/Mixed,No,No,3999,4,9,No-cost EMI (installments),Save money long-term vs additives,₹3-6L
R100115,Wave 2 - Jul 2026,Tier-3,West,SUV,6.0,No,6919,Yes,15%+,Yes,Disastrous,No,No,5999,5,9,No-cost EMI (installments),Protect engine/seals from damage,<₹3L
R100116,Wave 1 - Jul 2026,Tier-2,West,Two-wheeler,7.5,No,1786,Yes,15%+,Yes,Disastrous,No,No,5999,4,5,No-cost EMI (installments),Restore lost mileage,<₹3L
R100117,Wave 2 - Jul 2026,Tier-2,North,Two-wheeler,2.1,Yes,1802,No,None noticed,No,Neutral/Mixed,No,No,3999,1,0,One-time payment,Not sure / still skeptical,₹10-20L
R100118,Wave 1 - Jul 2026,Tier-1,East,Hatchback,5.5,No,2263,No,None noticed,No,Ineffective,Yes,Yes,4499,3,5,One-time payment,Save money long-term vs additives,₹10-20L
R100119,Wave 1 - Jul 2026,Tier-2,East,Two-wheeler,2.3,Yes,1079,Yes,10-15%,Yes,Disastrous,Yes,No,4499,5,10,One-time payment,Environmental/fuel-quality concern,₹6-10L
R100120,Wave 1 - Jul 2026,Tier-2,South,Two-wheeler,3.0,No,1218,Yes,10-15%,No,Ineffective,Yes,No,3999,5,7,No-cost EMI (installments),Save money long-term vs additives,₹3-6L
R100121,Wave 1 - Jul 2026,Tier-2,South,Hatchback,4.4,No,4905,No,None noticed,No,Neutral/Mixed,No,No,3999,2,2,One-time payment,Save money long-term vs additives,₹6-10L
R100122,Wave 1 - Jul 2026,Metro,North,Two-wheeler,2.4,Yes,1848,Yes,5-10%,Yes,Ineffective,Yes,Yes,5999,3,6,Subscription (device+cartridges bundled),Save money long-term vs additives,₹6-10L
R100123,Wave 1 - Jul 2026,Tier-1,East,Hatchback,4.1,No,7378,Yes,15%+,Yes,Disastrous,Yes,No,4499,5,9,No-cost EMI (installments),Restore lost mileage,₹3-6L
R100124,Wave 1 - Jul 2026,Metro,South,Commercial/Fleet,3.2,No,16088,Yes,5-10%,No,Ineffective,Yes,No,3999,5,9,No-cost EMI (installments),Restore lost mileage,<₹3L
R100125,Wave 2 - Jul 2026,Tier-1,East,Two-wheeler,6.1,No,1237,No,None noticed,Yes,Disastrous,No,No,5999,3,7,Subscription (device+cartridges bundled),Environmental/fuel-quality concern,₹3-6L
R100126,Wave 1 - Jul 2026,Tier-1,South,Commercial/Fleet,6.1,No,21549,Yes,15%+,Yes,Ineffective,No,No,4499,5,8,One-time payment,Protect engine/seals from damage,₹6-10L
R100127,Wave 1 - Jul 2026,Metro,West,Commercial/Fleet,2.4,Yes,14966,No,None noticed,No,Ineffective,Yes,No,4499,5,10,No-cost EMI (installments),Save money long-term vs additives,>₹20L
R100128,Wave 2 - Jul 2026,Metro,South,SUV,4.4,No,7876,No,None noticed,Yes,Disastrous,Yes,No,3999,4,8,One-time payment,Protect engine/seals from damage,₹3-6L
R100129,Wave 1 - Jul 2026,Tier-2,North,Hatchback,6.7,No,3712,Yes,10-15%,No,Neutral/Mixed,No,No,3999,1,0,One-time payment,Environmental/fuel-quality concern,₹10-20L
R100130,Wave 2 - Jul 2026,Metro,East,Hatchback,1.6,Yes,1117,Yes,0-5%,No,Disastrous,No,No,3999,4,7,One-time payment,Save money long-term vs additives,₹6-10L
R100131,Wave 1 - Jul 2026,Tier-3,South,Hatchback,3.2,No,4345,Yes,5-10%,No,Ineffective,No,No,5999,4,7,No-cost EMI (installments),Restore lost mileage,₹6-10L
R100132,Wave 2 - Jul 2026,Tier-2,West,Sedan,4.3,No,5504,Yes,15%+,No,Disastrous,No,Yes,4499,4,7,No-cost EMI (installments),Not sure / still skeptical,₹10-20L
R100133,Wave 1 - Jul 2026,Tier-1,Central,Two-wheeler,1.6,No,1898,Yes,5-10%,No,Disastrous,Yes,No,5999,2,2,One-time payment,Not sure / still skeptical,₹6-10L
R100134,Wave 1 - Jul 2026,Tier-2,Central,Commercial/Fleet,2.6,Yes,18528,No,None noticed,No,Ineffective,No,No,3999,5,9,No-cost EMI (installments),Save money long-term vs additives,<₹3L
R100135,Wave 2 - Jul 2026,Metro,East,Hatchback,9.6,No,2724,Yes,15%+,Yes,Neutral/Mixed,No,No,5999,4,6,One-time payment,Environmental/fuel-quality concern,₹3-6L
R100136,Wave 1 - Jul 2026,Tier-3,North,SUV,2.3,Yes,7607,No,None noticed,No,Neutral/Mixed,No,No,4499,3,4,One-time payment,Save money long-term vs additives,₹10-20L
R100137,Wave 1 - Jul 2026,Tier-1,West,Two-wheeler,2.5,Yes,580,No,None noticed,Yes,Disastrous,No,No,4499,4,6,One-time payment,Protect engine/seals from damage,₹6-10L
R100138,Wave 1 - Jul 2026,Tier-2,East,Two-wheeler,5.1,No,925,Yes,15%+,No,Ineffective,No,No,4499,2,0,No-cost EMI (installments),Not sure / still skeptical,₹3-6L
R100139,Wave 2 - Jul 2026,Metro,South,Hatchback,1.4,Yes,4947,No,None noticed,No,Neutral/Mixed,No,No,4499,2,2,No-cost EMI (installments),Protect engine/seals from damage,₹6-10L
R100140,Wave 1 - Jul 2026,Tier-1,North,Hatchback,3.2,Yes,3909,No,None noticed,No,Positive,No,No,3999,3,4,One-time payment,Environmental/fuel-quality concern,₹3-6L
R100141,Wave 2 - Jul 2026,Tier-1,East,Two-wheeler,1.9,No,1762,Yes,5-10%,No,Positive,Yes,No,3999,5,7,One-time payment,Restore lost mileage,₹3-6L
R100142,Wave 2 - Jul 2026,Tier-3,South,Two-wheeler,4.1,Yes,629,No,None noticed,Yes,Ineffective,Yes,No,5999,3,4,No-cost EMI (installments),Not sure / still skeptical,₹10-20L
R100143,Wave 1 - Jul 2026,Tier-2,West,Two-wheeler,0.3,Yes,1305,No,None noticed,No,Neutral/Mixed,Yes,No,3999,3,4,No-cost EMI (installments),Save money long-term vs additives,₹6-10L
R100144,Wave 2 - Jul 2026,Tier-1,Central,Hatchback,3.7,No,3641,Yes,5-10%,Yes,Disastrous,No,No,3999,4,9,One-time payment,Save money long-term vs additives,₹3-6L
R100145,Wave 2 - Jul 2026,Metro,West,Two-wheeler,4.4,No,1775,Yes,5-10%,Yes,Positive,No,No,5999,3,4,No-cost EMI (installments),Protect engine/seals from damage,₹6-10L
R100146,Wave 1 - Jul 2026,Tier-1,South,Commercial/Fleet,2.7,No,21985,No,None noticed,Yes,Ineffective,No,Yes,3999,5,10,No-cost EMI (installments),Protect engine/seals from damage,>₹20L
R100147,Wave 1 - Jul 2026,Tier-1,South,Two-wheeler,2.8,No,1652,Yes,10-15%,No,Disastrous,Yes,No,4499,5,10,No-cost EMI (installments),Save money long-term vs additives,₹3-6L
R100148,Wave 1 - Jul 2026,Tier-1,South,Two-wheeler,2.4,Yes,2004,Yes,0-5%,No,Positive,No,No,5999,4,6,One-time payment,Protect engine/seals from damage,₹3-6L
R100149,Wave 2 - Jul 2026,Metro,North,Two-wheeler,3.2,No,1256,Yes,10-15%,Yes,Positive,No,No,5999,2,2,Subscription (device+cartridges bundled),Protect engine/seals from damage,₹3-6L
R100150,Wave 1 - Jul 2026,Tier-3,East,Hatchback,8.6,No,5770,Yes,10-15%,No,Ineffective,No,No,3999,4,9,One-time payment,Restore lost mileage,<₹3L
R100151,Wave 1 - Jul 2026,Tier-3,East,Hatchback,6.2,No,2972,No,None noticed,Yes,Ineffective,Yes,Yes,4499,4,7,One-time payment,Protect engine/seals from damage,<₹3L
R100152,Wave 2 - Jul 2026,Metro,South,Hatchback,3.2,Yes,2929,Yes,5-10%,No,Ineffective,Yes,No,4499,5,10,No-cost EMI (installments),Protect engine/seals from damage,<₹3L
R100153,Wave 2 - Jul 2026,Tier-2,South,Commercial/Fleet,2.6,Yes,22399,No,None noticed,Yes,Neutral/Mixed,No,No,4499,3,4,No-cost EMI (installments),Save money long-term vs additives,₹3-6L
R100154,Wave 1 - Jul 2026,Metro,East,Two-wheeler,5.8,No,810,No,None noticed,No,Neutral/Mixed,No,No,5999,1,1,No-cost EMI (installments),Restore lost mileage,₹6-10L
R100155,Wave 2 - Jul 2026,Tier-2,North,Sedan,3.9,No,6730,Yes,15%+,No,Disastrous,Yes,No,5999,4,7,No-cost EMI (installments),Restore lost mileage,₹3-6L
R100156,Wave 2 - Jul 2026,Tier-1,West,Two-wheeler,1.5,Yes,1440,No,None noticed,No,Ineffective,No,Yes,3999,1,0,One-time payment,Not sure / still skeptical,₹3-6L
R100157,Wave 1 - Jul 2026,Tier-2,South,Two-wheeler,2.9,No,1820,Yes,10-15%,No,Disastrous,No,Yes,3999,5,9,No-cost EMI (installments),Protect engine/seals from damage,₹10-20L
R100158,Wave 1 - Jul 2026,Tier-2,West,Hatchback,8.0,No,4130,No,None noticed,No,Ineffective,Yes,No,5999,3,3,No-cost EMI (installments),Restore lost mileage,<₹3L
R100159,Wave 2 - Jul 2026,Tier-2,North,Two-wheeler,4.9,No,1422,No,None noticed,No,Positive,No,No,4499,3,5,No-cost EMI (installments),Restore lost mileage,₹3-6L
R100160,Wave 1 - Jul 2026,Metro,West,Hatchback,2.6,Yes,4799,Yes,0-5%,No,Disastrous,Yes,No,5999,3,3,No-cost EMI (installments),Restore lost mileage,>₹20L
R100161,Wave 2 - Jul 2026,Tier-3,South,Sedan,1.0,Yes,4724,No,None noticed,No,Neutral/Mixed,No,No,3999,2,3,One-time payment,Not sure / still skeptical,₹6-10L
R100162,Wave 1 - Jul 2026,Metro,West,Sedan,4.1,No,4653,Yes,10-15%,No,Neutral/Mixed,No,No,3999,5,9,One-time payment,Protect engine/seals from damage,₹6-10L
R100163,Wave 2 - Jul 2026,Metro,North,Hatchback,3.6,Yes,4758,No,None noticed,Yes,Ineffective,No,Yes,5999,1,0,No-cost EMI (installments),Not sure / still skeptical,₹6-10L
R100164,Wave 2 - Jul 2026,Tier-2,South,Hatchback,3.1,No,4166,No,None noticed,Yes,Disastrous,Yes,No,5999,4,6,No-cost EMI (installments),Protect engine/seals from damage,>₹20L
R100165,Wave 1 - Jul 2026,Tier-1,West,Two-wheeler,5.9,No,1240,No,None noticed,Yes,Positive,No,No,3999,3,5,No-cost EMI (installments),Not sure / still skeptical,₹3-6L
R100166,Wave 1 - Jul 2026,Tier-3,North,Two-wheeler,5.0,No,1368,Yes,15%+,No,Disastrous,Yes,No,5999,3,6,One-time payment,Protect engine/seals from damage,<₹3L
R100167,Wave 2 - Jul 2026,Tier-2,North,Two-wheeler,1.0,Yes,2025,No,None noticed,No,Positive,Yes,Yes,4499,2,1,One-time payment,Save money long-term vs additives,₹10-20L
R100168,Wave 2 - Jul 2026,Tier-1,North,Sedan,3.6,No,5081,Yes,10-15%,Yes,Disastrous,Yes,Yes,3999,5,8,No-cost EMI (installments),Restore lost mileage,<₹3L
R100169,Wave 1 - Jul 2026,Tier-3,South,Commercial/Fleet,1.3,Yes,16055,No,None noticed,No,Neutral/Mixed,No,No,4499,5,10,One-time payment,Not sure / still skeptical,₹6-10L
R100170,Wave 1 - Jul 2026,Tier-1,North,Two-wheeler,2.5,Yes,731,No,None noticed,No,Neutral/Mixed,No,No,3999,2,2,No-cost EMI (installments),Environmental/fuel-quality concern,<₹3L
R100171,Wave 1 - Jul 2026,Tier-1,Central,Hatchback,1.2,Yes,4150,Yes,0-5%,No,Disastrous,No,No,5999,4,7,Subscription (device+cartridges bundled),Protect engine/seals from damage,₹3-6L
R100172,Wave 1 - Jul 2026,Metro,South,Sedan,1.2,Yes,6867,No,None noticed,No,Neutral/Mixed,No,No,3999,2,1,No-cost EMI (installments),Not sure / still skeptical,₹6-10L
R100173,Wave 1 - Jul 2026,Tier-3,East,SUV,4.4,No,10120,Yes,10-15%,Yes,Disastrous,No,Yes,4499,5,9,One-time payment,Restore lost mileage,₹6-10L
R100174,Wave 1 - Jul 2026,Metro,Central,Hatchback,4.2,No,4327,Yes,10-15%,No,Ineffective,No,Yes,3999,5,10,One-time payment,Restore lost mileage,₹6-10L
R100175,Wave 1 - Jul 2026,Metro,North,Hatchback,3.4,No,5324,Yes,10-15%,No,Disastrous,Yes,No,5999,3,5,Subscription (device+cartridges bundled),Save money long-term vs additives,₹3-6L
R100176,Wave 2 - Jul 2026,Tier-1,West,Sedan,2.3,Yes,6988,No,None noticed,No,Positive,No,No,5999,2,4,No-cost EMI (installments),Not sure / still skeptical,₹3-6L
R100177,Wave 2 - Jul 2026,Tier-3,East,SUV,1.1,Yes,10755,Yes,5-10%,No,Ineffective,No,No,4499,5,9,No-cost EMI (installments),Restore lost mileage,₹10-20L
R100178,Wave 2 - Jul 2026,Tier-3,West,Two-wheeler,2.5,Yes,1786,No,None noticed,No,Neutral/Mixed,No,Yes,4499,1,0,One-time payment,Not sure / still skeptical,<₹3L
R100179,Wave 2 - Jul 2026,Tier-2,South,Commercial/Fleet,4.2,No,26632,Yes,5-10%,Yes,Disastrous,Yes,No,5999,5,8,No-cost EMI (installments),Save money long-term vs additives,₹6-10L
R100180,Wave 1 - Jul 2026,Tier-3,South,Two-wheeler,4.1,No,1333,Yes,10-15%,Yes,Disastrous,No,Yes,3999,5,8,One-time payment,Protect engine/seals from damage,₹6-10L
R100181,Wave 1 - Jul 2026,Tier-3,North,SUV,7.9,No,5153,Yes,10-15%,Yes,Ineffective,Yes,No,5999,3,5,No-cost EMI (installments),Save money long-term vs additives,₹3-6L
R100182,Wave 1 - Jul 2026,Tier-1,West,Two-wheeler,7.2,No,1660,Yes,10-15%,Yes,Disastrous,No,Yes,4499,5,10,Subscription (device+cartridges bundled),Restore lost mileage,₹3-6L
R100183,Wave 1 - Jul 2026,Tier-1,Central,Two-wheeler,3.5,No,1706,Yes,10-15%,No,Ineffective,No,No,5999,3,5,Subscription (device+cartridges bundled),Restore lost mileage,₹10-20L
R100184,Wave 2 - Jul 2026,Tier-2,Central,Two-wheeler,2.5,Yes,2015,No,None noticed,No,Disastrous,No,No,3999,4,6,One-time payment,Protect engine/seals from damage,₹3-6L
R100185,Wave 2 - Jul 2026,Tier-2,North,Two-wheeler,1.9,Yes,1902,Yes,0-5%,No,Disastrous,No,No,3999,5,8,No-cost EMI (installments),Restore lost mileage,<₹3L
R100186,Wave 2 - Jul 2026,Tier-1,West,Two-wheeler,1.0,Yes,2163,No,None noticed,No,Positive,No,No,3999,3,5,One-time payment,Environmental/fuel-quality concern,>₹20L
R100187,Wave 1 - Jul 2026,Metro,South,Two-wheeler,1.4,Yes,1643,No,None noticed,No,Ineffective,No,No,3999,2,1,One-time payment,Not sure / still skeptical,₹3-6L
R100188,Wave 1 - Jul 2026,Tier-2,Central,Two-wheeler,4.2,No,1490,Yes,10-15%,Yes,Disastrous,No,Yes,3999,5,8,No-cost EMI (installments),Save money long-term vs additives,₹10-20L
R100189,Wave 2 - Jul 2026,Metro,North,Two-wheeler,5.2,No,857,No,None noticed,No,Neutral/Mixed,No,No,5999,3,6,No-cost EMI (installments),Restore lost mileage,<₹3L
R100190,Wave 1 - Jul 2026,Tier-3,Central,Sedan,2.8,No,6300,Yes,10-15%,Yes,Ineffective,No,Yes,3999,3,4,One-time payment,Protect engine/seals from damage,₹3-6L
R100191,Wave 1 - Jul 2026,Metro,East,SUV,13.2,No,6931,No,None noticed,Yes,Disastrous,No,No,3999,4,7,No-cost EMI (installments),Save money long-term vs additives,₹6-10L
R100192,Wave 2 - Jul 2026,Metro,North,Sedan,1.4,Yes,6143,No,None noticed,No,Ineffective,No,No,3999,2,2,No-cost EMI (installments),Protect engine/seals from damage,<₹3L
R100193,Wave 2 - Jul 2026,Tier-3,North,Two-wheeler,0.9,Yes,1421,Yes,5-10%,No,Ineffective,Yes,Yes,4499,4,8,No-cost EMI (installments),Restore lost mileage,₹10-20L
R100194,Wave 1 - Jul 2026,Metro,East,Two-wheeler,13.1,No,1585,Yes,10-15%,Yes,Ineffective,No,No,4499,4,7,No-cost EMI (installments),Protect engine/seals from damage,₹3-6L
R100195,Wave 1 - Jul 2026,Metro,North,Commercial/Fleet,1.1,Yes,17996,No,None noticed,Yes,Ineffective,No,Yes,3999,5,8,No-cost EMI (installments),Restore lost mileage,₹6-10L
R100196,Wave 2 - Jul 2026,Tier-2,West,Two-wheeler,2.8,No,1767,Yes,15%+,No,Ineffective,Yes,Yes,5999,4,6,No-cost EMI (installments),Restore lost mileage,₹10-20L
R100197,Wave 2 - Jul 2026,Tier-3,Central,Two-wheeler,2.0,No,400,No,None noticed,No,Positive,No,No,5999,1,0,One-time payment,Environmental/fuel-quality concern,₹6-10L
R100198,Wave 1 - Jul 2026,Metro,West,Commercial/Fleet,4.4,No,19484,Yes,10-15%,No,Positive,No,No,3999,5,10,One-time payment,Save money long-term vs additives,₹6-10L
R100199,Wave 2 - Jul 2026,Tier-1,South,Commercial/Fleet,2.6,No,24729,Yes,10-15%,Yes,Disastrous,Yes,No,5999,5,9,No-cost EMI (installments),Restore lost mileage,₹3-6L
R100200,Wave 1 - Jul 2026,Tier-2,South,Two-wheeler,5.2,No,2133,Yes,10-15%,No,Disastrous,Yes,No,4499,5,9,One-time payment,Protect engine/seals from damage,<₹3L
R100201,Wave 2 - Jul 2026,Tier-3,North,Sedan,5.9,No,6989,Yes,10-15%,No,Disastrous,Yes,No,4499,5,9,One-time payment,Protect engine/seals from damage,₹10-20L
R100202,Wave 1 - Jul 2026,Tier-1,Central,Two-wheeler,1.0,Yes,2060,No,None noticed,No,Ineffective,Yes,No,5999,3,5,Subscription (device+cartridges bundled),Save money long-term vs additives,₹6-10L
R100203,Wave 2 - Jul 2026,Metro,South,Sedan,1.8,Yes,6074,No,None noticed,No,Neutral/Mixed,No,No,5999,1,0,Subscription (device+cartridges bundled),Not sure / still skeptical,₹6-10L
R100204,Wave 2 - Jul 2026,Metro,North,Two-wheeler,5.5,No,1401,No,None noticed,Yes,Neutral/Mixed,Yes,No,4499,3,6,No-cost EMI (installments),Restore lost mileage,₹6-10L
R100205,Wave 1 - Jul 2026,Metro,South,Two-wheeler,6.7,No,1608,Yes,10-15%,Yes,Disastrous,No,Yes,4499,5,9,No-cost EMI (installments),Restore lost mileage,₹3-6L
R100206,Wave 1 - Jul 2026,Metro,Central,Hatchback,3.9,No,4196,Yes,15%+,No,Disastrous,Yes,No,3999,4,7,Subscription (device+cartridges bundled),Protect engine/seals from damage,<₹3L
R100207,Wave 2 - Jul 2026,Tier-2,North,Two-wheeler,4.6,No,1093,No,None noticed,No,Neutral/Mixed,No,Yes,4499,2,0,No-cost EMI (installments),Not sure / still skeptical,₹3-6L
R100208,Wave 1 - Jul 2026,Metro,East,Sedan,8.3,No,4963,Yes,5-10%,Yes,Positive,Yes,No,5999,1,0,One-time payment,Environmental/fuel-quality concern,₹6-10L
R100209,Wave 2 - Jul 2026,Tier-1,West,Two-wheeler,2.7,Yes,964,No,None noticed,Yes,Disastrous,Yes,No,3999,5,8,No-cost EMI (installments),Protect engine/seals from damage,₹3-6L
R100210,Wave 1 - Jul 2026,Tier-2,East,SUV,3.8,No,9413,Yes,10-15%,No,Neutral/Mixed,No,No,5999,3,3,Subscription (device+cartridges bundled),Not sure / still skeptical,<₹3L
R100211,Wave 1 - Jul 2026,Tier-2,Central,SUV,7.2,No,8226,Yes,10-15%,Yes,Ineffective,Yes,No,5999,5,10,No-cost EMI (installments),Save money long-term vs additives,₹6-10L
R100212,Wave 2 - Jul 2026,Metro,East,Hatchback,7.5,No,3776,Yes,10-15%,No,Ineffective,No,No,3999,5,10,One-time payment,Save money long-term vs additives,₹6-10L
R100213,Wave 1 - Jul 2026,Tier-2,Central,Sedan,3.2,Yes,4880,Yes,5-10%,Yes,Ineffective,Yes,No,5999,3,6,Subscription (device+cartridges bundled),Save money long-term vs additives,₹6-10L
R100214,Wave 2 - Jul 2026,Tier-2,North,Two-wheeler,1.9,Yes,1598,Yes,0-5%,No,Ineffective,Yes,No,5999,4,8,No-cost EMI (installments),Environmental/fuel-quality concern,₹10-20L
R100215,Wave 1 - Jul 2026,Tier-2,East,Hatchback,3.2,No,5118,Yes,10-15%,No,Disastrous,No,No,3999,5,10,One-time payment,Protect engine/seals from damage,₹6-10L
R100216,Wave 1 - Jul 2026,Metro,West,Two-wheeler,3.4,Yes,957,No,None noticed,No,Neutral/Mixed,No,No,4499,2,2,Subscription (device+cartridges bundled),Not sure / still skeptical,<₹3L
R100217,Wave 1 - Jul 2026,Metro,West,SUV,1.8,Yes,5243,No,None noticed,No,Disastrous,No,No,5999,1,2,No-cost EMI (installments),Not sure / still skeptical,₹10-20L
R100218,Wave 1 - Jul 2026,Tier-3,Central,SUV,2.1,No,10392,No,None noticed,No,Neutral/Mixed,No,No,5999,4,8,No-cost EMI (installments),Protect engine/seals from damage,₹6-10L
R100219,Wave 2 - Jul 2026,Tier-1,Central,Commercial/Fleet,7.5,No,11377,No,None noticed,Yes,Neutral/Mixed,Yes,No,3999,5,9,Subscription (device+cartridges bundled),Environmental/fuel-quality concern,₹6-10L
R100220,Wave 1 - Jul 2026,Tier-1,West,SUV,4.7,No,9457,Yes,5-10%,Yes,Disastrous,Yes,No,4499,5,10,One-time payment,Not sure / still skeptical,₹10-20L
R100221,Wave 1 - Jul 2026,Tier-1,South,Commercial/Fleet,2.8,Yes,26876,No,None noticed,Yes,Ineffective,Yes,No,5999,5,9,No-cost EMI (installments),Protect engine/seals from damage,<₹3L
R100222,Wave 2 - Jul 2026,Tier-2,South,Two-wheeler,1.5,Yes,2035,No,None noticed,No,Ineffective,No,Yes,5999,1,0,No-cost EMI (installments),Save money long-term vs additives,₹6-10L
R100223,Wave 1 - Jul 2026,Tier-3,South,Commercial/Fleet,2.1,Yes,22322,Yes,10-15%,No,Disastrous,No,No,3999,5,9,No-cost EMI (installments),Save money long-term vs additives,₹3-6L
R100224,Wave 1 - Jul 2026,Tier-1,South,Hatchback,0.8,Yes,5034,No,None noticed,No,Neutral/Mixed,No,No,4499,2,3,Subscription (device+cartridges bundled),Save money long-term vs additives,<₹3L
R100225,Wave 2 - Jul 2026,Tier-3,South,Two-wheeler,3.9,No,2283,No,None noticed,Yes,Disastrous,No,No,5999,2,5,No-cost EMI (installments),Environmental/fuel-quality concern,₹6-10L
R100226,Wave 2 - Jul 2026,Metro,North,Hatchback,2.0,Yes,1455,No,None noticed,No,Positive,No,No,3999,3,3,No-cost EMI (installments),Restore lost mileage,₹3-6L
R100227,Wave 1 - Jul 2026,Tier-2,North,Two-wheeler,4.1,No,1218,Yes,15%+,No,Disastrous,No,No,4499,5,10,No-cost EMI (installments),Save money long-term vs additives,<₹3L
R100228,Wave 2 - Jul 2026,Tier-2,East,Two-wheeler,5.5,No,1733,Yes,10-15%,Yes,Ineffective,Yes,No,4499,5,9,One-time payment,Environmental/fuel-quality concern,₹6-10L
R100229,Wave 1 - Jul 2026,Metro,South,Two-wheeler,4.2,No,1268,Yes,10-15%,No,Disastrous,No,Yes,4499,4,9,One-time payment,Restore lost mileage,₹3-6L
R100230,Wave 1 - Jul 2026,Metro,Central,Two-wheeler,2.6,No,1886,Yes,10-15%,Yes,Disastrous,Yes,No,5999,4,6,One-time payment,Save money long-term vs additives,₹6-10L
R100231,Wave 1 - Jul 2026,Tier-1,West,Hatchback,1.8,Yes,4154,No,None noticed,No,Positive,Yes,No,3999,1,1,No-cost EMI (installments),Not sure / still skeptical,<₹3L
R100232,Wave 2 - Jul 2026,Tier-3,North,SUV,1.3,Yes,8502,No,None noticed,No,Neutral/Mixed,No,No,5999,5,9,No-cost EMI (installments),Restore lost mileage,₹6-10L
R100233,Wave 1 - Jul 2026,Tier-2,North,Hatchback,7.1,No,3877,Yes,15%+,No,Disastrous,Yes,Yes,3999,5,7,No-cost EMI (installments),Restore lost mileage,₹6-10L
R100234,Wave 2 - Jul 2026,Tier-3,North,Hatchback,4.1,No,3586,Yes,15%+,Yes,Neutral/Mixed,No,No,5999,3,7,One-time payment,Protect engine/seals from damage,₹6-10L
R100235,Wave 1 - Jul 2026,Tier-2,Central,Two-wheeler,2.7,Yes,1186,Yes,0-5%,Yes,Disastrous,No,No,4499,5,8,No-cost EMI (installments),Save money long-term vs additives,₹10-20L
R100236,Wave 1 - Jul 2026,Tier-1,North,Hatchback,5.0,No,4519,Yes,5-10%,Yes,Disastrous,Yes,No,3999,5,9,One-time payment,Protect engine/seals from damage,>₹20L
R100237,Wave 2 - Jul 2026,Tier-2,West,Two-wheeler,6.4,No,1096,Yes,10-15%,Yes,Disastrous,No,No,5999,3,3,Subscription (device+cartridges bundled),Restore lost mileage,<₹3L
R100238,Wave 2 - Jul 2026,Metro,Central,SUV,2.0,No,10389,No,None noticed,Yes,Ineffective,No,Yes,5999,3,3,Subscription (device+cartridges bundled),Protect engine/seals from damage,₹3-6L
R100239,Wave 1 - Jul 2026,Metro,Central,Two-wheeler,4.0,Yes,1656,No,None noticed,No,Neutral/Mixed,Yes,No,4499,2,2,No-cost EMI (installments),Environmental/fuel-quality concern,₹10-20L
R100240,Wave 1 - Jul 2026,Tier-3,North,Sedan,4.0,Yes,7585,No,None noticed,No,Positive,No,No,3999,1,0,No-cost EMI (installments),Restore lost mileage,₹6-10L
R100241,Wave 2 - Jul 2026,Tier-2,North,Sedan,8.0,No,3967,Yes,15%+,Yes,Disastrous,Yes,No,4499,5,8,One-time payment,Protect engine/seals from damage,>₹20L
R100242,Wave 1 - Jul 2026,Metro,North,Hatchback,2.6,No,2201,Yes,10-15%,Yes,Disastrous,Yes,No,5999,5,9,One-time payment,Restore lost mileage,₹10-20L
R100243,Wave 1 - Jul 2026,Tier-1,North,SUV,1.7,No,8190,Yes,0-5%,No,Disastrous,No,No,3999,4,5,No-cost EMI (installments),Save money long-term vs additives,₹10-20L
R100244,Wave 1 - Jul 2026,Tier-2,North,Two-wheeler,4.3,Yes,2536,Yes,0-5%,No,Disastrous,Yes,Yes,5999,4,7,No-cost EMI (installments),Save money long-term vs additives,<₹3L
R100245,Wave 2 - Jul 2026,Tier-3,West,SUV,5.3,No,11107,Yes,15%+,Yes,Ineffective,No,No,3999,5,9,One-time payment,Save money long-term vs additives,₹3-6L
R100246,Wave 1 - Jul 2026,Tier-2,Central,Sedan,3.8,No,4900,Yes,10-15%,Yes,Disastrous,No,No,5999,5,6,One-time payment,Restore lost mileage,₹6-10L
R100247,Wave 1 - Jul 2026,Tier-1,West,SUV,8.4,No,9175,Yes,10-15%,Yes,Ineffective,Yes,No,4499,5,9,No-cost EMI (installments),Protect engine/seals from damage,₹6-10L
R100248,Wave 1 - Jul 2026,Tier-1,West,Sedan,2.6,No,6982,No,None noticed,Yes,Ineffective,No,No,3999,3,5,One-time payment,Environmental/fuel-quality concern,₹10-20L
R100249,Wave 1 - Jul 2026,Tier-1,North,SUV,3.8,No,5058,Yes,15%+,Yes,Ineffective,Yes,No,5999,5,8,No-cost EMI (installments),Protect engine/seals from damage,>₹20L
R100250,Wave 1 - Jul 2026,Tier-2,East,Commercial/Fleet,1.0,No,25595,No,None noticed,No,Disastrous,No,No,3999,5,10,One-time payment,Restore lost mileage,₹3-6L
R100251,Wave 1 - Jul 2026,Tier-3,West,Two-wheeler,1.6,Yes,1334,No,None noticed,No,Ineffective,No,No,5999,2,3,Subscription (device+cartridges bundled),Restore lost mileage,₹6-10L
R100252,Wave 2 - Jul 2026,Tier-1,East,SUV,2.0,Yes,7992,Yes,5-10%,No,Neutral/Mixed,No,Yes,3999,4,6,One-time payment,Protect engine/seals from damage,₹10-20L
R100253,Wave 1 - Jul 2026,Metro,Central,Sedan,3.0,Yes,5839,No,None noticed,No,Neutral/Mixed,No,No,3999,4,7,One-time payment,Protect engine/seals from damage,₹10-20L
R100254,Wave 1 - Jul 2026,Metro,South,Two-wheeler,1.2,Yes,1849,Yes,5-10%,No,Ineffective,No,No,5999,3,6,One-time payment,Not sure / still skeptical,₹10-20L
R100255,Wave 2 - Jul 2026,Tier-2,North,Commercial/Fleet,4.9,No,14588,No,None noticed,Yes,Neutral/Mixed,No,Yes,4499,4,6,One-time payment,Save money long-term vs additives,₹6-10L
R100256,Wave 1 - Jul 2026,Tier-2,North,Two-wheeler,1.9,Yes,731,Yes,5-10%,No,Neutral/Mixed,No,No,3999,2,2,No-cost EMI (installments),Not sure / still skeptical,>₹20L
R100257,Wave 1 - Jul 2026,Metro,South,Hatchback,11.8,No,4580,Yes,10-15%,No,Disastrous,No,No,4499,5,10,No-cost EMI (installments),Not sure / still skeptical,₹3-6L
R100258,Wave 1 - Jul 2026,Metro,Central,Two-wheeler,1.9,No,599,No,None noticed,No,Positive,No,No,3999,2,1,One-time payment,Not sure / still skeptical,<₹3L
R100259,Wave 1 - Jul 2026,Tier-2,South,Two-wheeler,3.6,No,1282,Yes,10-15%,Yes,Disastrous,Yes,No,5999,4,7,Subscription (device+cartridges bundled),Restore lost mileage,₹3-6L
R100260,Wave 2 - Jul 2026,Metro,East,SUV,3.3,No,10925,Yes,10-15%,No,Positive,No,No,3999,4,5,No-cost EMI (installments),Restore lost mileage,₹6-10L
R100261,Wave 2 - Jul 2026,Tier-3,West,Two-wheeler,1.5,Yes,1627,No,None noticed,No,Ineffective,Yes,No,4499,3,4,One-time payment,Environmental/fuel-quality concern,₹10-20L
R100262,Wave 2 - Jul 2026,Tier-1,North,Two-wheeler,3.0,No,1809,Yes,10-15%,No,Disastrous,No,No,3999,3,5,One-time payment,Protect engine/seals from damage,₹6-10L
R100263,Wave 1 - Jul 2026,Metro,South,Two-wheeler,2.9,Yes,1643,Yes,0-5%,Yes,Disastrous,Yes,No,5999,3,1,No-cost EMI (installments),Not sure / still skeptical,₹6-10L
R100264,Wave 2 - Jul 2026,Tier-3,West,Hatchback,5.9,No,7035,Yes,10-15%,Yes,Ineffective,Yes,No,5999,5,9,No-cost EMI (installments),Restore lost mileage,₹3-6L
R100265,Wave 1 - Jul 2026,Metro,West,SUV,4.4,Yes,6849,Yes,0-5%,No,Positive,No,No,5999,3,5,Subscription (device+cartridges bundled),Restore lost mileage,₹10-20L
R100266,Wave 1 - Jul 2026,Tier-1,South,SUV,4.9,Yes,9114,Yes,0-5%,No,Disastrous,No,No,4499,5,9,One-time payment,Save money long-term vs additives,₹3-6L
R100267,Wave 1 - Jul 2026,Metro,North,Two-wheeler,5.9,No,1228,Yes,10-15%,No,Disastrous,Yes,No,3999,4,6,No-cost EMI (installments),Save money long-term vs additives,₹6-10L
R100268,Wave 1 - Jul 2026,Metro,West,Hatchback,5.0,No,5325,Yes,15%+,Yes,Disastrous,Yes,No,3999,5,8,One-time payment,Save money long-term vs additives,₹3-6L
R100269,Wave 1 - Jul 2026,Metro,North,Hatchback,4.0,No,4128,Yes,15%+,No,Disastrous,No,No,5999,4,8,No-cost EMI (installments),Restore lost mileage,₹6-10L
R100270,Wave 1 - Jul 2026,Metro,Central,Hatchback,2.0,Yes,6221,No,None noticed,No,Positive,No,No,3999,4,6,No-cost EMI (installments),Protect engine/seals from damage,₹6-10L
R100271,Wave 2 - Jul 2026,Metro,North,Two-wheeler,3.8,Yes,1192,Yes,5-10%,No,Disastrous,No,No,4499,5,10,No-cost EMI (installments),Protect engine/seals from damage,₹6-10L
R100272,Wave 2 - Jul 2026,Metro,North,Two-wheeler,1.7,Yes,1952,No,None noticed,No,Positive,Yes,No,4499,3,5,One-time payment,Not sure / still skeptical,₹6-10L
R100273,Wave 2 - Jul 2026,Tier-2,South,Hatchback,3.1,No,4898,Yes,5-10%,Yes,Neutral/Mixed,Yes,No,5999,3,4,One-time payment,Restore lost mileage,>₹20L
R100274,Wave 1 - Jul 2026,Tier-2,West,Hatchback,2.8,Yes,4162,Yes,0-5%,No,Disastrous,Yes,Yes,4499,4,8,No-cost EMI (installments),Protect engine/seals from damage,₹10-20L
R100275,Wave 1 - Jul 2026,Tier-1,West,Hatchback,3.0,Yes,4838,No,None noticed,Yes,Ineffective,No,No,4499,4,6,One-time payment,Restore lost mileage,₹3-6L
R100276,Wave 2 - Jul 2026,Tier-1,South,Hatchback,1.2,Yes,4507,Yes,0-5%,No,Positive,Yes,No,5999,4,8,No-cost EMI (installments),Save money long-term vs additives,₹3-6L
R100277,Wave 1 - Jul 2026,Tier-1,Central,SUV,0.3,No,9017,No,None noticed,Yes,Neutral/Mixed,No,No,5999,4,9,One-time payment,Restore lost mileage,<₹3L
R100278,Wave 1 - Jul 2026,Tier-3,South,Sedan,2.5,Yes,5464,No,None noticed,Yes,Neutral/Mixed,No,No,4499,3,6,One-time payment,Not sure / still skeptical,₹3-6L
R100279,Wave 1 - Jul 2026,Tier-3,South,Two-wheeler,6.7,No,1125,Yes,10-15%,Yes,Disastrous,No,No,5999,5,9,No-cost EMI (installments),Restore lost mileage,₹3-6L
R100280,Wave 1 - Jul 2026,Metro,South,SUV,3.5,Yes,7431,No,None noticed,No,Disastrous,No,No,4499,5,10,One-time payment,Protect engine/seals from damage,₹10-20L
R100281,Wave 1 - Jul 2026,Metro,North,SUV,6.4,No,4335,Yes,10-15%,Yes,Ineffective,No,No,4499,5,9,No-cost EMI (installments),Save money long-term vs additives,>₹20L
R100282,Wave 2 - Jul 2026,Metro,West,Two-wheeler,1.7,No,1730,Yes,0-5%,No,Disastrous,No,Yes,3999,5,10,No-cost EMI (installments),Restore lost mileage,₹3-6L
R100283,Wave 2 - Jul 2026,Metro,North,Hatchback,2.4,Yes,2747,Yes,10-15%,Yes,Ineffective,No,No,5999,4,7,One-time payment,Restore lost mileage,₹10-20L
R100284,Wave 2 - Jul 2026,Tier-2,West,Two-wheeler,12.2,No,1315,Yes,10-15%,No,Ineffective,Yes,No,5999,2,1,No-cost EMI (installments),Environmental/fuel-quality concern,₹10-20L
R100285,Wave 1 - Jul 2026,Tier-1,North,Sedan,1.8,Yes,6852,No,None noticed,Yes,Ineffective,No,No,3999,3,6,One-time payment,Save money long-term vs additives,₹3-6L
R100286,Wave 1 - Jul 2026,Metro,Central,Two-wheeler,4.8,No,1729,No,None noticed,Yes,Disastrous,No,No,3999,3,4,No-cost EMI (installments),Environmental/fuel-quality concern,₹10-20L
R100287,Wave 2 - Jul 2026,Tier-1,South,Sedan,4.8,No,2918,Yes,10-15%,Yes,Disastrous,No,No,5999,3,6,No-cost EMI (installments),Save money long-term vs additives,>₹20L
R100288,Wave 1 - Jul 2026,Tier-1,Central,Two-wheeler,4.5,No,1364,No,None noticed,Yes,Neutral/Mixed,No,No,3999,3,6,No-cost EMI (installments),Restore lost mileage,>₹20L
R100289,Wave 1 - Jul 2026,Metro,South,Hatchback,4.9,No,4741,Yes,10-15%,No,Disastrous,No,No,5999,4,8,No-cost EMI (installments),Environmental/fuel-quality concern,₹10-20L
R100290,Wave 2 - Jul 2026,Tier-3,North,Commercial/Fleet,1.8,Yes,18769,No,None noticed,No,Disastrous,Yes,No,5999,5,8,No-cost EMI (installments),Restore lost mileage,₹3-6L
R100291,Wave 1 - Jul 2026,Metro,East,Two-wheeler,2.6,No,1927,No,None noticed,Yes,Positive,No,No,4499,4,6,No-cost EMI (installments),Protect engine/seals from damage,₹3-6L
R100292,Wave 1 - Jul 2026,Tier-3,West,SUV,0.3,No,6313,Yes,0-5%,No,Ineffective,No,No,3999,5,6,One-time payment,Save money long-term vs additives,>₹20L
R100293,Wave 1 - Jul 2026,Metro,East,Commercial/Fleet,8.2,No,7886,Yes,15%+,Yes,Disastrous,Yes,No,4499,5,9,One-time payment,Save money long-term vs additives,₹3-6L
R100294,Wave 1 - Jul 2026,Tier-3,South,SUV,4.9,No,10061,Yes,15%+,Yes,Ineffective,No,No,4499,5,10,One-time payment,Restore lost mileage,₹6-10L
R100295,Wave 1 - Jul 2026,Tier-3,West,Two-wheeler,2.0,Yes,1189,No,None noticed,No,Neutral/Mixed,No,No,4499,1,0,One-time payment,Save money long-term vs additives,₹3-6L
R100296,Wave 1 - Jul 2026,Tier-3,East,SUV,1.8,Yes,4162,No,None noticed,Yes,Positive,No,Yes,5999,4,6,One-time payment,Protect engine/seals from damage,₹6-10L
R100297,Wave 1 - Jul 2026,Tier-2,West,Two-wheeler,6.8,No,1338,No,None noticed,No,Positive,Yes,No,5999,3,4,Subscription (device+cartridges bundled),Protect engine/seals from damage,<₹3L
R100298,Wave 2 - Jul 2026,Tier-2,South,Two-wheeler,1.9,Yes,1882,No,None noticed,No,Ineffective,No,Yes,3999,5,10,Subscription (device+cartridges bundled),Protect engine/seals from damage,₹10-20L
R100299,Wave 2 - Jul 2026,Tier-2,West,SUV,2.0,Yes,5300,No,None noticed,No,Neutral/Mixed,No,No,5999,2,2,One-time payment,Environmental/fuel-quality concern,₹6-10L
R100300,Wave 2 - Jul 2026,Tier-2,West,Sedan,1.5,Yes,9594,No,None noticed,No,Ineffective,Yes,No,3999,1,2,Subscription (device+cartridges bundled),Save money long-term vs additives,₹6-10L
R100301,Wave 2 - Jul 2026,Metro,Central,Hatchback,5.5,No,3215,Yes,15%+,No,Ineffective,No,No,5999,4,6,No-cost EMI (installments),Protect engine/seals from damage,₹3-6L
R100302,Wave 1 - Jul 2026,Tier-1,South,Two-wheeler,6.4,No,1434,No,None noticed,Yes,Ineffective,Yes,No,3999,4,7,One-time payment,Save money long-term vs additives,₹6-10L
R100303,Wave 1 - Jul 2026,Tier-1,South,SUV,2.9,Yes,5401,Yes,5-10%,No,Ineffective,No,No,4499,5,9,Subscription (device+cartridges bundled),Save money long-term vs additives,₹10-20L
R100304,Wave 1 - Jul 2026,Tier-3,East,Sedan,6.4,No,5868,Yes,10-15%,Yes,Positive,No,No,4499,5,10,No-cost EMI (installments),Restore lost mileage,₹10-20L
R100305,Wave 1 - Jul 2026,Tier-1,West,Hatchback,4.2,No,4043,No,None noticed,Yes,Ineffective,Yes,No,3999,5,9,No-cost EMI (installments),Restore lost mileage,₹10-20L
R100306,Wave 2 - Jul 2026,Tier-1,West,SUV,1.4,Yes,4780,No,None noticed,No,Positive,Yes,No,5999,1,3,One-time payment,Environmental/fuel-quality concern,₹6-10L
R100307,Wave 1 - Jul 2026,Tier-2,South,Two-wheeler,7.8,No,2508,Yes,10-15%,No,Ineffective,No,No,3999,3,4,One-time payment,Save money long-term vs additives,₹10-20L
R100308,Wave 2 - Jul 2026,Metro,North,Two-wheeler,1.5,No,1206,No,None noticed,No,Neutral/Mixed,No,No,3999,3,7,Subscription (device+cartridges bundled),Environmental/fuel-quality concern,₹6-10L
R100309,Wave 1 - Jul 2026,Metro,East,Hatchback,3.0,No,3619,Yes,15%+,Yes,Disastrous,Yes,No,4499,4,7,One-time payment,Environmental/fuel-quality concern,₹6-10L
R100310,Wave 1 - Jul 2026,Tier-1,North,Commercial/Fleet,2.9,No,23520,Yes,10-15%,Yes,Ineffective,Yes,Yes,4499,5,10,One-time payment,Environmental/fuel-quality concern,₹6-10L
R100311,Wave 2 - Jul 2026,Tier-1,North,Two-wheeler,2.5,Yes,2111,No,None noticed,No,Neutral/Mixed,Yes,No,3999,1,0,One-time payment,Not sure / still skeptical,₹3-6L
R100312,Wave 1 - Jul 2026,Metro,West,Two-wheeler,0.6,Yes,1842,No,None noticed,No,Ineffective,Yes,No,3999,4,7,One-time payment,Environmental/fuel-quality concern,₹6-10L
R100313,Wave 2 - Jul 2026,Tier-1,East,Two-wheeler,10.7,No,929,Yes,10-15%,Yes,Ineffective,No,No,3999,5,8,One-time payment,Restore lost mileage,₹6-10L
R100314,Wave 2 - Jul 2026,Tier-1,Central,SUV,0.7,Yes,8691,No,None noticed,No,Neutral/Mixed,No,No,5999,2,3,Subscription (device+cartridges bundled),Environmental/fuel-quality concern,₹3-6L
R100315,Wave 2 - Jul 2026,Tier-1,South,Two-wheeler,8.1,No,663,Yes,10-15%,Yes,Disastrous,No,Yes,4499,4,5,One-time payment,Protect engine/seals from damage,₹10-20L
R100316,Wave 2 - Jul 2026,Tier-1,North,Hatchback,1.7,Yes,5260,No,None noticed,No,Positive,No,No,3999,1,0,No-cost EMI (installments),Not sure / still skeptical,₹3-6L
R100317,Wave 1 - Jul 2026,Tier-2,Central,Commercial/Fleet,2.2,Yes,10030,No,None noticed,No,Neutral/Mixed,No,No,4499,3,6,No-cost EMI (installments),Environmental/fuel-quality concern,₹6-10L
R100318,Wave 1 - Jul 2026,Tier-1,North,Two-wheeler,7.7,No,1085,Yes,15%+,Yes,Ineffective,Yes,No,5999,3,5,No-cost EMI (installments),Protect engine/seals from damage,₹10-20L
R100319,Wave 2 - Jul 2026,Tier-3,North,Hatchback,4.6,No,4196,Yes,10-15%,No,Ineffective,No,No,5999,5,8,One-time payment,Save money long-term vs additives,<₹3L
R100320,Wave 1 - Jul 2026,Tier-3,South,Hatchback,1.1,Yes,4723,No,None noticed,No,Disastrous,Yes,No,3999,3,2,One-time payment,Not sure / still skeptical,₹3-6L
R100321,Wave 2 - Jul 2026,Tier-1,West,SUV,1.1,No,7601,No,None noticed,No,Neutral/Mixed,No,No,4499,3,5,No-cost EMI (installments),Not sure / still skeptical,₹6-10L
R100322,Wave 1 - Jul 2026,Tier-1,Central,Two-wheeler,4.1,No,1995,Yes,5-10%,Yes,Disastrous,No,No,3999,4,9,No-cost EMI (installments),Protect engine/seals from damage,<₹3L
R100323,Wave 1 - Jul 2026,Tier-1,East,Two-wheeler,1.4,No,1684,No,None noticed,Yes,Disastrous,Yes,No,3999,5,8,One-time payment,Not sure / still skeptical,₹3-6L
R100324,Wave 1 - Jul 2026,Tier-3,West,Two-wheeler,4.7,No,1653,Yes,10-15%,No,Ineffective,Yes,Yes,5999,1,3,Subscription (device+cartridges bundled),Not sure / still skeptical,₹10-20L
R100325,Wave 2 - Jul 2026,Tier-2,North,Sedan,5.0,No,3803,Yes,10-15%,Yes,Disastrous,No,No,5999,5,9,No-cost EMI (installments),Protect engine/seals from damage,<₹3L
R100326,Wave 1 - Jul 2026,Tier-2,South,SUV,1.9,Yes,12102,No,None noticed,No,Positive,No,No,3999,3,2,One-time payment,Protect engine/seals from damage,₹6-10L
R100327,Wave 1 - Jul 2026,Tier-1,South,Two-wheeler,2.3,Yes,1085,Yes,0-5%,No,Disastrous,No,No,5999,1,0,No-cost EMI (installments),Not sure / still skeptical,<₹3L
R100328,Wave 1 - Jul 2026,Tier-2,North,Two-wheeler,4.2,No,2081,Yes,10-15%,Yes,Disastrous,No,No,5999,4,8,No-cost EMI (installments),Save money long-term vs additives,<₹3L
R100329,Wave 1 - Jul 2026,Tier-1,South,SUV,1.8,Yes,12843,No,None noticed,No,Positive,Yes,No,5999,1,0,No-cost EMI (installments),Not sure / still skeptical,₹3-6L
R100330,Wave 1 - Jul 2026,Tier-2,South,Two-wheeler,3.5,No,1601,Yes,10-15%,No,Ineffective,No,No,5999,2,4,One-time payment,Not sure / still skeptical,>₹20L
R100331,Wave 2 - Jul 2026,Metro,North,Two-wheeler,12.7,No,1805,Yes,15%+,No,Ineffective,Yes,No,4499,4,5,One-time payment,Restore lost mileage,₹6-10L
R100332,Wave 1 - Jul 2026,Tier-2,West,Hatchback,4.3,No,574,Yes,10-15%,No,Ineffective,No,No,5999,2,2,No-cost EMI (installments),Environmental/fuel-quality concern,₹3-6L
R100333,Wave 1 - Jul 2026,Tier-3,West,Two-wheeler,2.5,Yes,1324,No,None noticed,No,Positive,No,No,3999,1,0,One-time payment,Environmental/fuel-quality concern,₹6-10L
R100334,Wave 1 - Jul 2026,Metro,North,Two-wheeler,11.4,No,1832,Yes,10-15%,No,Disastrous,No,No,4499,3,4,One-time payment,Protect engine/seals from damage,₹6-10L
R100335,Wave 1 - Jul 2026,Tier-2,South,Hatchback,5.7,No,5287,No,None noticed,No,Disastrous,Yes,No,3999,5,9,No-cost EMI (installments),Restore lost mileage,₹6-10L
R100336,Wave 2 - Jul 2026,Metro,East,Two-wheeler,1.5,No,922,No,None noticed,No,Positive,Yes,No,5999,3,4,No-cost EMI (installments),Protect engine/seals from damage,₹3-6L
R100337,Wave 2 - Jul 2026,Tier-2,East,Hatchback,1.7,Yes,3855,No,None noticed,No,Disastrous,No,No,3999,3,5,One-time payment,Protect engine/seals from damage,₹3-6L
R100338,Wave 2 - Jul 2026,Metro,East,Sedan,0.8,Yes,1681,No,None noticed,No,Neutral/Mixed,No,Yes,4499,2,3,No-cost EMI (installments),Restore lost mileage,₹6-10L
R100339,Wave 2 - Jul 2026,Tier-3,South,Hatchback,4.2,No,4686,Yes,10-15%,Yes,Ineffective,No,No,5999,3,5,One-time payment,Restore lost mileage,₹6-10L
R100340,Wave 1 - Jul 2026,Metro,East,Two-wheeler,0.5,Yes,662,No,None noticed,No,Neutral/Mixed,No,No,3999,2,4,One-time payment,Not sure / still skeptical,₹10-20L
R100341,Wave 2 - Jul 2026,Tier-3,South,SUV,11.4,No,10796,Yes,10-15%,Yes,Ineffective,No,Yes,3999,5,8,No-cost EMI (installments),Restore lost mileage,₹6-10L
R100342,Wave 1 - Jul 2026,Tier-2,South,Two-wheeler,2.8,No,1864,Yes,5-10%,Yes,Positive,Yes,No,3999,4,5,No-cost EMI (installments),Restore lost mileage,₹6-10L
R100343,Wave 2 - Jul 2026,Tier-2,North,Sedan,5.9,No,5030,Yes,10-15%,Yes,Disastrous,No,Yes,5999,5,10,One-time payment,Restore lost mileage,₹6-10L
R100344,Wave 2 - Jul 2026,Tier-2,South,Two-wheeler,2.6,No,1604,Yes,15%+,Yes,Ineffective,Yes,Yes,3999,5,8,No-cost EMI (installments),Restore lost mileage,₹6-10L
R100345,Wave 1 - Jul 2026,Tier-2,South,SUV,4.1,No,7702,Yes,10-15%,No,Ineffective,Yes,No,4499,4,6,Subscription (device+cartridges bundled),Restore lost mileage,₹6-10L
R100346,Wave 1 - Jul 2026,Tier-3,South,Two-wheeler,3.0,No,1495,Yes,10-15%,No,Disastrous,No,Yes,4499,5,8,No-cost EMI (installments),Environmental/fuel-quality concern,₹3-6L
R100347,Wave 1 - Jul 2026,Metro,East,Two-wheeler,3.5,Yes,950,No,None noticed,Yes,Neutral/Mixed,No,No,5999,2,1,Subscription (device+cartridges bundled),Environmental/fuel-quality concern,>₹20L
R100348,Wave 1 - Jul 2026,Tier-2,South,Hatchback,7.1,No,4932,Yes,15%+,Yes,Disastrous,Yes,No,5999,5,7,One-time payment,Restore lost mileage,₹3-6L
R100349,Wave 1 - Jul 2026,Metro,South,Two-wheeler,9.3,No,757,Yes,10-15%,Yes,Disastrous,No,Yes,3999,5,8,One-time payment,Protect engine/seals from damage,₹6-10L
R100350,Wave 2 - Jul 2026,Tier-2,North,Two-wheeler,8.9,No,683,No,None noticed,No,Positive,No,No,5999,4,8,No-cost EMI (installments),Restore lost mileage,₹6-10L
R100351,Wave 1 - Jul 2026,Metro,South,Sedan,15.0,No,5602,Yes,5-10%,Yes,Neutral/Mixed,Yes,No,5999,5,9,No-cost EMI (installments),Protect engine/seals from damage,₹10-20L
R100352,Wave 1 - Jul 2026,Tier-2,South,SUV,2.0,Yes,7715,Yes,0-5%,Yes,Disastrous,No,No,5999,5,10,No-cost EMI (installments),Environmental/fuel-quality concern,<₹3L
R100353,Wave 1 - Jul 2026,Tier-2,South,Two-wheeler,4.4,No,1507,Yes,10-15%,No,Neutral/Mixed,Yes,No,4499,2,2,One-time payment,Restore lost mileage,₹10-20L
R100354,Wave 1 - Jul 2026,Tier-1,North,SUV,2.0,Yes,6709,No,None noticed,No,Ineffective,No,No,3999,3,6,One-time payment,Restore lost mileage,₹3-6L
R100355,Wave 1 - Jul 2026,Tier-1,East,SUV,7.0,No,12530,Yes,5-10%,Yes,Disastrous,Yes,No,5999,5,9,One-time payment,Protect engine/seals from damage,₹3-6L
R100356,Wave 1 - Jul 2026,Tier-2,Central,SUV,1.5,Yes,8569,No,None noticed,No,Ineffective,No,No,4499,4,4,One-time payment,Restore lost mileage,₹10-20L
R100357,Wave 1 - Jul 2026,Tier-2,South,Sedan,7.2,Yes,6178,No,None noticed,No,Positive,No,No,3999,2,3,Subscription (device+cartridges bundled),Restore lost mileage,₹3-6L
R100358,Wave 1 - Jul 2026,Tier-1,West,Sedan,3.9,Yes,6120,Yes,0-5%,No,Disastrous,No,No,3999,5,10,One-time payment,Protect engine/seals from damage,₹6-10L
R100359,Wave 1 - Jul 2026,Tier-2,East,Hatchback,3.2,Yes,5379,No,None noticed,Yes,Disastrous,No,Yes,3999,4,6,No-cost EMI (installments),Protect engine/seals from damage,₹6-10L
R100360,Wave 1 - Jul 2026,Tier-3,Central,Sedan,3.4,No,6735,Yes,5-10%,No,Ineffective,No,No,4499,5,10,One-time payment,Restore lost mileage,>₹20L
R100361,Wave 2 - Jul 2026,Metro,West,Commercial/Fleet,1.3,Yes,20790,No,None noticed,No,Neutral/Mixed,No,No,3999,4,6,One-time payment,Save money long-term vs additives,₹10-20L
R100362,Wave 2 - Jul 2026,Metro,Central,Two-wheeler,1.4,Yes,1689,No,None noticed,No,Ineffective,Yes,No,4499,4,8,Subscription (device+cartridges bundled),Restore lost mileage,₹3-6L
R100363,Wave 1 - Jul 2026,Metro,Central,Two-wheeler,3.9,No,685,No,None noticed,Yes,Disastrous,No,No,5999,4,9,One-time payment,Restore lost mileage,₹10-20L
R100364,Wave 2 - Jul 2026,Tier-2,East,Two-wheeler,3.9,No,700,Yes,5-10%,Yes,Ineffective,No,No,3999,5,9,One-time payment,Protect engine/seals from damage,₹3-6L
R100365,Wave 2 - Jul 2026,Tier-1,South,Commercial/Fleet,2.1,Yes,18106,No,None noticed,No,Neutral/Mixed,No,No,3999,5,9,No-cost EMI (installments),Protect engine/seals from damage,₹6-10L
R100366,Wave 1 - Jul 2026,Tier-2,North,Two-wheeler,2.7,No,1323,Yes,10-15%,No,Neutral/Mixed,No,No,3999,3,4,One-time payment,Save money long-term vs additives,₹10-20L
R100367,Wave 1 - Jul 2026,Tier-2,North,Sedan,4.6,No,6742,Yes,10-15%,No,Disastrous,No,Yes,4499,5,10,One-time payment,Protect engine/seals from damage,₹10-20L
R100368,Wave 1 - Jul 2026,Tier-1,South,SUV,1.8,Yes,8246,No,None noticed,No,Neutral/Mixed,No,No,5999,4,7,Subscription (device+cartridges bundled),Protect engine/seals from damage,₹6-10L
R100369,Wave 1 - Jul 2026,Tier-3,South,Commercial/Fleet,0.7,No,21514,No,None noticed,No,Positive,No,No,4499,4,10,One-time payment,Environmental/fuel-quality concern,₹10-20L
R100370,Wave 2 - Jul 2026,Tier-2,South,Two-wheeler,8.4,No,912,No,None noticed,No,Ineffective,Yes,No,5999,3,5,No-cost EMI (installments),Save money long-term vs additives,₹6-10L
R100371,Wave 2 - Jul 2026,Metro,West,SUV,4.1,No,8175,Yes,15%+,No,Disastrous,Yes,Yes,5999,4,6,One-time payment,Protect engine/seals from damage,>₹20L
R100372,Wave 1 - Jul 2026,Tier-1,West,SUV,2.3,Yes,5121,No,None noticed,No,Neutral/Mixed,No,No,3999,1,0,One-time payment,Not sure / still skeptical,₹3-6L
R100373,Wave 1 - Jul 2026,Tier-1,East,Two-wheeler,2.0,Yes,1552,No,None noticed,No,Neutral/Mixed,Yes,No,5999,1,0,No-cost EMI (installments),Save money long-term vs additives,₹3-6L
R100374,Wave 2 - Jul 2026,Metro,North,Sedan,1.8,Yes,2750,No,None noticed,Yes,Disastrous,Yes,Yes,4499,4,4,No-cost EMI (installments),Save money long-term vs additives,₹10-20L
R100375,Wave 1 - Jul 2026,Metro,North,Two-wheeler,6.9,No,1537,Yes,10-15%,Yes,Positive,No,Yes,4499,5,9,One-time payment,Restore lost mileage,₹3-6L
R100376,Wave 1 - Jul 2026,Tier-3,East,Hatchback,1.1,Yes,2472,No,None noticed,No,Neutral/Mixed,No,No,3999,3,4,No-cost EMI (installments),Protect engine/seals from damage,₹6-10L
R100377,Wave 1 - Jul 2026,Tier-1,East,Hatchback,4.4,No,3749,Yes,15%+,No,Ineffective,No,No,4499,5,10,No-cost EMI (installments),Protect engine/seals from damage,₹10-20L
R100378,Wave 2 - Jul 2026,Tier-1,Central,Two-wheeler,4.4,No,1751,Yes,10-15%,Yes,Disastrous,No,No,5999,5,10,No-cost EMI (installments),Protect engine/seals from damage,₹6-10L
R100379,Wave 2 - Jul 2026,Tier-2,East,Two-wheeler,5.5,No,1489,Yes,10-15%,No,Ineffective,No,No,4499,3,5,No-cost EMI (installments),Restore lost mileage,₹3-6L
R100380,Wave 2 - Jul 2026,Tier-2,Central,Two-wheeler,2.5,Yes,755,Yes,0-5%,No,Ineffective,Yes,No,3999,5,7,No-cost EMI (installments),Restore lost mileage,₹3-6L
R100381,Wave 2 - Jul 2026,Tier-3,South,Two-wheeler,8.0,No,1136,Yes,15%+,Yes,Neutral/Mixed,No,No,3999,5,8,No-cost EMI (installments),Save money long-term vs additives,₹3-6L
R100382,Wave 1 - Jul 2026,Tier-2,South,Hatchback,5.6,No,2434,Yes,15%+,Yes,Disastrous,No,No,4499,5,10,One-time payment,Not sure / still skeptical,₹3-6L
R100383,Wave 1 - Jul 2026,Tier-1,South,Two-wheeler,2.5,Yes,736,No,None noticed,No,Positive,No,No,5999,2,2,Subscription (device+cartridges bundled),Environmental/fuel-quality concern,₹3-6L
R100384,Wave 2 - Jul 2026,Tier-1,West,Two-wheeler,1.9,No,1446,No,None noticed,No,Ineffective,No,Yes,4499,3,7,No-cost EMI (installments),Restore lost mileage,₹10-20L
R100385,Wave 2 - Jul 2026,Tier-3,Central,Sedan,3.0,Yes,6710,No,None noticed,No,Neutral/Mixed,No,No,3999,2,4,Subscription (device+cartridges bundled),Save money long-term vs additives,₹3-6L
R100386,Wave 1 - Jul 2026,Tier-2,South,Sedan,2.4,Yes,6516,No,None noticed,No,Positive,No,No,3999,2,4,Subscription (device+cartridges bundled),Environmental/fuel-quality concern,₹10-20L
R100387,Wave 1 - Jul 2026,Tier-3,West,Hatchback,1.7,Yes,4909,No,None noticed,No,Neutral/Mixed,No,No,5999,3,4,One-time payment,Restore lost mileage,>₹20L
R100388,Wave 2 - Jul 2026,Metro,South,Commercial/Fleet,3.5,No,18438,Yes,10-15%,Yes,Ineffective,No,No,5999,5,10,No-cost EMI (installments),Save money long-term vs additives,₹3-6L
R100389,Wave 1 - Jul 2026,Tier-3,North,Two-wheeler,2.8,No,1293,Yes,10-15%,No,Neutral/Mixed,No,No,3999,4,6,One-time payment,Protect engine/seals from damage,>₹20L
R100390,Wave 1 - Jul 2026,Tier-2,North,SUV,9.1,No,5736,Yes,10-15%,Yes,Neutral/Mixed,Yes,No,4499,5,10,No-cost EMI (installments),Restore lost mileage,₹3-6L
R100391,Wave 1 - Jul 2026,Metro,North,Two-wheeler,2.4,Yes,1227,Yes,0-5%,No,Disastrous,Yes,No,4499,3,4,No-cost EMI (installments),Protect engine/seals from damage,₹6-10L
R100392,Wave 1 - Jul 2026,Tier-2,Central,Sedan,1.9,No,3654,No,None noticed,No,Ineffective,No,No,4499,5,7,One-time payment,Restore lost mileage,>₹20L
R100393,Wave 2 - Jul 2026,Tier-2,South,Commercial/Fleet,3.4,Yes,14122,Yes,0-5%,No,Ineffective,No,No,3999,5,10,No-cost EMI (installments),Protect engine/seals from damage,₹10-20L
R100394,Wave 2 - Jul 2026,Metro,East,SUV,4.0,No,8404,Yes,10-15%,No,Positive,No,No,4499,5,10,Subscription (device+cartridges bundled),Protect engine/seals from damage,₹3-6L
R100395,Wave 1 - Jul 2026,Tier-1,West,Hatchback,4.2,No,4061,Yes,10-15%,No,Ineffective,Yes,No,5999,1,0,Subscription (device+cartridges bundled),Environmental/fuel-quality concern,₹3-6L
R100396,Wave 1 - Jul 2026,Tier-3,North,Hatchback,4.2,No,7804,Yes,10-15%,Yes,Disastrous,No,No,4499,5,10,One-time payment,Protect engine/seals from damage,₹3-6L
R100397,Wave 1 - Jul 2026,Tier-1,North,Two-wheeler,3.4,Yes,872,Yes,0-5%,Yes,Disastrous,No,No,3999,5,7,Subscription (device+cartridges bundled),Restore lost mileage,>₹20L
R100398,Wave 1 - Jul 2026,Tier-1,East,Sedan,3.3,No,5597,Yes,15%+,Yes,Disastrous,Yes,No,3999,5,8,One-time payment,Protect engine/seals from damage,₹3-6L
R100399,Wave 1 - Jul 2026,Tier-1,South,Sedan,5.0,No,3488,Yes,10-15%,No,Disastrous,No,No,3999,4,7,One-time payment,Environmental/fuel-quality concern,₹6-10L
R100400,Wave 1 - Jul 2026,Tier-1,Central,Commercial/Fleet,1.6,Yes,16491,No,None noticed,No,Ineffective,Yes,No,5999,4,6,One-time payment,Protect engine/seals from damage,₹3-6L
R100401,Wave 2 - Jul 2026,Tier-3,North,Hatchback,1.9,Yes,3792,No,None noticed,No,Disastrous,No,No,5999,3,4,No-cost EMI (installments),Protect engine/seals from damage,₹3-6L
R100402,Wave 2 - Jul 2026,Tier-2,West,Two-wheeler,0.9,Yes,1731,No,None noticed,No,Positive,No,Yes,3999,1,0,One-time payment,Not sure / still skeptical,₹6-10L
R100403,Wave 1 - Jul 2026,Metro,East,Hatchback,1.6,Yes,3671,Yes,10-15%,No,Disastrous,Yes,No,5999,3,4,One-time payment,Protect engine/seals from damage,₹3-6L
R100404,Wave 2 - Jul 2026,Tier-3,North,Two-wheeler,6.5,No,1325,Yes,10-15%,No,Disastrous,Yes,No,3999,5,9,One-time payment,Restore lost mileage,₹6-10L
R100405,Wave 2 - Jul 2026,Tier-3,South,Two-wheeler,4.9,No,1231,No,None noticed,Yes,Ineffective,No,No,4499,5,10,Subscription (device+cartridges bundled),Save money long-term vs additives,₹6-10L
R100406,Wave 1 - Jul 2026,Tier-1,Central,Two-wheeler,9.9,No,851,No,None noticed,Yes,Ineffective,Yes,No,5999,4,6,No-cost EMI (installments),Protect engine/seals from damage,₹6-10L
R100407,Wave 2 - Jul 2026,Tier-3,South,Sedan,8.5,No,4741,Yes,10-15%,No,Disastrous,Yes,No,4499,5,9,No-cost EMI (installments),Environmental/fuel-quality concern,₹6-10L
R100408,Wave 1 - Jul 2026,Metro,South,Two-wheeler,4.9,No,1250,Yes,5-10%,Yes,Disastrous,No,No,4499,5,8,No-cost EMI (installments),Protect engine/seals from damage,₹3-6L
R100409,Wave 1 - Jul 2026,Tier-3,South,Two-wheeler,3.7,Yes,1429,No,None noticed,No,Disastrous,Yes,No,4499,5,8,One-time payment,Protect engine/seals from damage,₹10-20L
R100410,Wave 1 - Jul 2026,Tier-2,South,Two-wheeler,3.4,No,1619,Yes,10-15%,Yes,Ineffective,No,Yes,3999,3,6,One-time payment,Restore lost mileage,₹6-10L
R100411,Wave 1 - Jul 2026,Tier-2,East,SUV,0.5,Yes,7661,No,None noticed,No,Ineffective,No,No,5999,5,10,One-time payment,Restore lost mileage,₹6-10L
R100412,Wave 2 - Jul 2026,Metro,East,Sedan,3.2,No,5390,Yes,15%+,No,Disastrous,Yes,No,3999,5,10,One-time payment,Protect engine/seals from damage,₹3-6L
R100413,Wave 2 - Jul 2026,Tier-3,South,Two-wheeler,2.2,Yes,725,No,None noticed,No,Ineffective,No,Yes,3999,3,5,Subscription (device+cartridges bundled),Restore lost mileage,<₹3L
R100414,Wave 1 - Jul 2026,Metro,East,Two-wheeler,1.6,Yes,1612,Yes,0-5%,Yes,Disastrous,Yes,No,5999,5,8,One-time payment,Protect engine/seals from damage,₹10-20L
R100415,Wave 1 - Jul 2026,Metro,North,Hatchback,4.4,No,3382,Yes,10-15%,Yes,Disastrous,No,No,4499,5,9,No-cost EMI (installments),Restore lost mileage,₹10-20L
R100416,Wave 2 - Jul 2026,Metro,North,Two-wheeler,2.9,No,1693,No,None noticed,Yes,Ineffective,No,No,4499,3,6,No-cost EMI (installments),Restore lost mileage,₹3-6L
R100417,Wave 2 - Jul 2026,Tier-2,West,Hatchback,3.6,No,5748,Yes,10-15%,Yes,Disastrous,No,No,3999,5,6,Subscription (device+cartridges bundled),Protect engine/seals from damage,₹3-6L
R100418,Wave 2 - Jul 2026,Metro,Central,Two-wheeler,1.4,Yes,1326,No,None noticed,No,Disastrous,Yes,Yes,3999,3,4,One-time payment,Save money long-term vs additives,₹3-6L
R100419,Wave 1 - Jul 2026,Tier-3,North,Commercial/Fleet,5.8,No,13199,Yes,10-15%,No,Neutral/Mixed,No,No,3999,5,10,Subscription (device+cartridges bundled),Restore lost mileage,₹6-10L
R100420,Wave 1 - Jul 2026,Tier-2,North,Two-wheeler,2.4,No,1393,Yes,5-10%,No,Disastrous,No,No,4499,5,8,No-cost EMI (installments),Save money long-term vs additives,₹3-6L
R100421,Wave 1 - Jul 2026,Metro,West,Sedan,4.3,No,6366,No,None noticed,Yes,Disastrous,No,No,4499,5,10,No-cost EMI (installments),Restore lost mileage,>₹20L
R100422,Wave 2 - Jul 2026,Metro,East,Two-wheeler,2.5,Yes,1276,Yes,0-5%,Yes,Disastrous,No,No,4499,5,10,No-cost EMI (installments),Restore lost mileage,<₹3L
R100423,Wave 2 - Jul 2026,Metro,North,Commercial/Fleet,0.4,No,15578,No,None noticed,No,Ineffective,No,No,5999,2,0,One-time payment,Not sure / still skeptical,>₹20L
R100424,Wave 2 - Jul 2026,Tier-2,South,Commercial/Fleet,4.5,No,21419,Yes,10-15%,Yes,Ineffective,Yes,No,5999,5,9,No-cost EMI (installments),Save money long-term vs additives,<₹3L
R100425,Wave 1 - Jul 2026,Tier-2,East,Sedan,3.0,No,6608,Yes,10-15%,No,Disastrous,Yes,No,3999,4,6,No-cost EMI (installments),Protect engine/seals from damage,₹3-6L
R100426,Wave 2 - Jul 2026,Metro,South,Hatchback,0.8,Yes,3793,Yes,5-10%,No,Ineffective,No,No,5999,3,5,No-cost EMI (installments),Protect engine/seals from damage,₹3-6L
R100427,Wave 2 - Jul 2026,Tier-3,North,Two-wheeler,1.3,Yes,752,No,None noticed,Yes,Positive,No,Yes,5999,2,3,Subscription (device+cartridges bundled),Not sure / still skeptical,₹3-6L
R100428,Wave 2 - Jul 2026,Metro,North,SUV,5.9,No,9248,Yes,10-15%,No,Disastrous,Yes,Yes,5999,5,10,No-cost EMI (installments),Protect engine/seals from damage,>₹20L
R100429,Wave 2 - Jul 2026,Tier-2,South,Sedan,0.9,Yes,4554,No,None noticed,No,Ineffective,No,No,5999,1,0,One-time payment,Protect engine/seals from damage,₹6-10L
R100430,Wave 1 - Jul 2026,Tier-3,South,Two-wheeler,2.3,Yes,1484,No,None noticed,No,Neutral/Mixed,No,No,3999,1,0,One-time payment,Protect engine/seals from damage,<₹3L
R100431,Wave 1 - Jul 2026,Tier-2,East,Two-wheeler,10.5,No,1459,Yes,5-10%,Yes,Positive,No,No,3999,3,3,No-cost EMI (installments),Restore lost mileage,>₹20L
R100432,Wave 1 - Jul 2026,Tier-2,West,Hatchback,4.6,No,1979,Yes,10-15%,No,Disastrous,No,Yes,5999,5,9,No-cost EMI (installments),Save money long-term vs additives,₹3-6L
R100433,Wave 1 - Jul 2026,Tier-3,West,SUV,5.4,No,8386,Yes,10-15%,Yes,Ineffective,No,No,4499,5,8,Subscription (device+cartridges bundled),Protect engine/seals from damage,<₹3L
R100434,Wave 1 - Jul 2026,Metro,Central,Sedan,2.7,No,6636,Yes,10-15%,No,Disastrous,No,No,5999,3,6,No-cost EMI (installments),Protect engine/seals from damage,<₹3L
R100435,Wave 2 - Jul 2026,Metro,South,Hatchback,0.8,No,4949,No,None noticed,No,Neutral/Mixed,No,No,5999,3,5,No-cost EMI (installments),Restore lost mileage,₹6-10L
R100436,Wave 1 - Jul 2026,Metro,South,Hatchback,3.8,No,4338,Yes,15%+,Yes,Disastrous,No,Yes,3999,5,10,No-cost EMI (installments),Restore lost mileage,₹10-20L
R100437,Wave 1 - Jul 2026,Tier-1,Central,Two-wheeler,1.4,Yes,625,No,None noticed,No,Neutral/Mixed,No,Yes,4499,1,2,No-cost EMI (installments),Not sure / still skeptical,<₹3L
R100438,Wave 1 - Jul 2026,Tier-2,South,Two-wheeler,1.3,Yes,1901,No,None noticed,No,Disastrous,No,No,5999,1,0,No-cost EMI (installments),Not sure / still skeptical,₹10-20L
R100439,Wave 2 - Jul 2026,Tier-2,West,Two-wheeler,3.5,No,1561,Yes,15%+,Yes,Disastrous,No,No,3999,4,6,One-time payment,Protect engine/seals from damage,₹3-6L
R100440,Wave 2 - Jul 2026,Tier-3,East,SUV,1.5,No,5437,No,None noticed,No,Ineffective,Yes,Yes,5999,2,2,Subscription (device+cartridges bundled),Not sure / still skeptical,₹3-6L
R100441,Wave 1 - Jul 2026,Metro,North,Two-wheeler,3.2,Yes,1091,Yes,0-5%,Yes,Ineffective,No,No,5999,5,7,No-cost EMI (installments),Restore lost mileage,₹10-20L
R100442,Wave 2 - Jul 2026,Tier-2,South,Two-wheeler,2.0,Yes,1491,Yes,0-5%,No,Ineffective,No,No,3999,4,5,One-time payment,Protect engine/seals from damage,₹10-20L
R100443,Wave 2 - Jul 2026,Metro,North,Two-wheeler,3.2,No,1666,Yes,15%+,No,Neutral/Mixed,No,No,3999,2,3,One-time payment,Save money long-term vs additives,₹6-10L
R100444,Wave 2 - Jul 2026,Metro,North,Two-wheeler,2.2,Yes,1209,No,None noticed,No,Positive,No,No,4499,2,0,One-time payment,Restore lost mileage,₹3-6L
R100445,Wave 2 - Jul 2026,Tier-2,South,Hatchback,3.2,Yes,5171,No,None noticed,Yes,Ineffective,No,Yes,5999,1,0,No-cost EMI (installments),Not sure / still skeptical,<₹3L
R100446,Wave 2 - Jul 2026,Tier-3,South,Two-wheeler,8.0,No,697,Yes,10-15%,Yes,Ineffective,Yes,No,4499,5,9,One-time payment,Save money long-term vs additives,₹10-20L
R100447,Wave 2 - Jul 2026,Tier-2,East,Two-wheeler,5.5,No,991,No,None noticed,No,Disastrous,No,No,3999,2,2,One-time payment,Restore lost mileage,₹6-10L
R100448,Wave 1 - Jul 2026,Metro,Central,Sedan,3.0,No,2447,No,None noticed,Yes,Positive,No,No,3999,2,3,No-cost EMI (installments),Environmental/fuel-quality concern,₹6-10L
R100449,Wave 2 - Jul 2026,Tier-2,East,Two-wheeler,7.2,No,1048,Yes,10-15%,Yes,Ineffective,No,No,4499,5,9,One-time payment,Save money long-term vs additives,₹3-6L
R100450,Wave 1 - Jul 2026,Metro,South,Two-wheeler,4.3,No,1991,No,None noticed,Yes,Ineffective,No,Yes,3999,5,8,No-cost EMI (installments),Save money long-term vs additives,₹10-20L
R100451,Wave 1 - Jul 2026,Tier-3,South,Two-wheeler,6.9,No,2207,Yes,15%+,Yes,Disastrous,Yes,No,3999,5,10,One-time payment,Protect engine/seals from damage,<₹3L
R100452,Wave 2 - Jul 2026,Tier-2,South,SUV,1.0,Yes,8739,No,None noticed,No,Positive,No,No,5999,1,1,One-time payment,Protect engine/seals from damage,₹6-10L
R100453,Wave 2 - Jul 2026,Metro,North,Two-wheeler,1.5,Yes,1150,No,None noticed,No,Positive,Yes,No,3999,1,0,One-time payment,Not sure / still skeptical,₹6-10L
R100454,Wave 2 - Jul 2026,Metro,Central,Sedan,3.8,No,5440,Yes,10-15%,No,Neutral/Mixed,No,No,5999,4,7,One-time payment,Restore lost mileage,₹3-6L
R100455,Wave 2 - Jul 2026,Metro,South,Commercial/Fleet,2.9,No,20952,Yes,10-15%,Yes,Disastrous,No,Yes,5999,5,8,No-cost EMI (installments),Restore lost mileage,₹6-10L
R100456,Wave 2 - Jul 2026,Tier-3,North,Sedan,3.2,No,3262,Yes,15%+,Yes,Disastrous,No,No,4499,3,4,Subscription (device+cartridges bundled),Restore lost mileage,₹6-10L
R100457,Wave 1 - Jul 2026,Tier-1,East,Two-wheeler,4.8,No,1176,Yes,10-15%,No,Positive,No,No,4499,3,7,No-cost EMI (installments),Protect engine/seals from damage,₹6-10L
R100458,Wave 2 - Jul 2026,Tier-2,South,Sedan,3.8,No,8130,Yes,10-15%,No,Ineffective,No,Yes,3999,4,7,No-cost EMI (installments),Protect engine/seals from damage,₹10-20L
R100459,Wave 1 - Jul 2026,Tier-2,North,Two-wheeler,5.8,No,990,Yes,10-15%,Yes,Disastrous,No,No,4499,3,4,No-cost EMI (installments),Environmental/fuel-quality concern,₹6-10L
R100460,Wave 1 - Jul 2026,Tier-2,North,Two-wheeler,5.7,No,1106,Yes,15%+,Yes,Ineffective,Yes,No,4499,3,5,No-cost EMI (installments),Protect engine/seals from damage,<₹3L
R100461,Wave 1 - Jul 2026,Metro,West,Hatchback,1.5,Yes,4216,No,None noticed,No,Neutral/Mixed,No,No,3999,2,3,No-cost EMI (installments),Not sure / still skeptical,₹3-6L
R100462,Wave 1 - Jul 2026,Tier-3,East,Two-wheeler,0.4,Yes,1511,No,None noticed,No,Neutral/Mixed,No,Yes,4499,2,1,No-cost EMI (installments),Environmental/fuel-quality concern,₹6-10L
R100463,Wave 2 - Jul 2026,Tier-1,North,Two-wheeler,1.5,Yes,1155,No,None noticed,No,Neutral/Mixed,No,No,3999,3,4,One-time payment,Save money long-term vs additives,₹3-6L
R100464,Wave 2 - Jul 2026,Tier-2,Central,Two-wheeler,1.4,Yes,1430,No,None noticed,No,Positive,No,No,3999,2,3,One-time payment,Protect engine/seals from damage,₹10-20L
R100465,Wave 1 - Jul 2026,Tier-2,East,Two-wheeler,3.4,Yes,1638,No,None noticed,Yes,Neutral/Mixed,No,No,4499,4,5,No-cost EMI (installments),Restore lost mileage,₹3-6L
R100466,Wave 2 - Jul 2026,Tier-2,East,Two-wheeler,3.4,Yes,2169,Yes,5-10%,No,Ineffective,No,No,4499,4,8,No-cost EMI (installments),Protect engine/seals from damage,₹3-6L
R100467,Wave 2 - Jul 2026,Tier-3,North,Hatchback,2.8,No,4052,Yes,10-15%,Yes,Disastrous,Yes,No,3999,5,7,One-time payment,Protect engine/seals from damage,₹3-6L
R100468,Wave 2 - Jul 2026,Metro,North,Commercial/Fleet,4.4,No,18286,No,None noticed,Yes,Ineffective,No,No,3999,5,9,Subscription (device+cartridges bundled),Restore lost mileage,₹10-20L
R100469,Wave 1 - Jul 2026,Tier-1,East,Two-wheeler,13.4,No,1999,Yes,10-15%,Yes,Ineffective,Yes,No,3999,5,7,One-time payment,Protect engine/seals from damage,₹6-10L
R100470,Wave 2 - Jul 2026,Tier-1,South,Hatchback,2.7,No,3554,Yes,10-15%,Yes,Disastrous,Yes,No,4499,5,8,No-cost EMI (installments),Restore lost mileage,₹6-10L
R100471,Wave 2 - Jul 2026,Tier-1,West,Two-wheeler,3.9,Yes,881,Yes,0-5%,Yes,Neutral/Mixed,No,No,4499,4,9,Subscription (device+cartridges bundled),Protect engine/seals from damage,₹3-6L
R100472,Wave 1 - Jul 2026,Metro,East,Two-wheeler,3.2,No,1498,Yes,10-15%,Yes,Disastrous,No,No,3999,4,8,One-time payment,Restore lost mileage,₹10-20L
R100473,Wave 1 - Jul 2026,Metro,North,Two-wheeler,2.1,Yes,1822,No,None noticed,Yes,Disastrous,Yes,No,4499,4,8,Subscription (device+cartridges bundled),Restore lost mileage,₹10-20L
R100474,Wave 1 - Jul 2026,Metro,East,Two-wheeler,4.8,No,1542,Yes,10-15%,Yes,Neutral/Mixed,No,No,5999,4,5,No-cost EMI (installments),Restore lost mileage,₹3-6L
R100475,Wave 1 - Jul 2026,Tier-1,Central,Two-wheeler,2.6,No,1362,Yes,10-15%,Yes,Neutral/Mixed,No,No,4499,5,8,No-cost EMI (installments),Save money long-term vs additives,₹10-20L
R100476,Wave 1 - Jul 2026,Tier-1,West,Two-wheeler,1.7,No,832,Yes,5-10%,No,Ineffective,No,Yes,4499,3,5,Subscription (device+cartridges bundled),Environmental/fuel-quality concern,₹10-20L
R100477,Wave 2 - Jul 2026,Tier-2,South,Two-wheeler,1.9,Yes,1377,No,None noticed,No,Ineffective,Yes,Yes,4499,2,3,No-cost EMI (installments),Restore lost mileage,₹3-6L
R100478,Wave 1 - Jul 2026,Tier-2,East,Hatchback,5.9,No,5650,Yes,10-15%,Yes,Disastrous,No,Yes,5999,5,8,No-cost EMI (installments),Restore lost mileage,₹3-6L
R100479,Wave 2 - Jul 2026,Tier-1,West,Two-wheeler,4.7,No,916,No,None noticed,Yes,Ineffective,No,No,5999,2,2,No-cost EMI (installments),Environmental/fuel-quality concern,₹6-10L
R100480,Wave 1 - Jul 2026,Tier-1,East,Two-wheeler,2.3,Yes,1304,No,None noticed,No,Neutral/Mixed,No,No,3999,2,1,One-time payment,Protect engine/seals from damage,₹6-10L
R100481,Wave 1 - Jul 2026,Metro,East,Two-wheeler,4.4,No,1248,No,None noticed,No,Ineffective,No,No,3999,4,9,One-time payment,Save money long-term vs additives,₹10-20L
R100482,Wave 2 - Jul 2026,Tier-2,East,Hatchback,3.2,No,3379,Yes,10-15%,No,Disastrous,Yes,No,3999,3,4,One-time payment,Protect engine/seals from damage,₹6-10L
R100483,Wave 2 - Jul 2026,Tier-1,South,Two-wheeler,3.9,Yes,1497,No,None noticed,No,Neutral/Mixed,No,No,5999,4,7,No-cost EMI (installments),Environmental/fuel-quality concern,₹3-6L
R100484,Wave 2 - Jul 2026,Metro,North,Hatchback,2.0,Yes,4721,Yes,5-10%,No,Ineffective,Yes,No,3999,4,7,No-cost EMI (installments),Restore lost mileage,₹3-6L
R100485,Wave 2 - Jul 2026,Tier-1,North,Two-wheeler,1.4,Yes,1570,No,None noticed,No,Neutral/Mixed,No,No,5999,2,4,Subscription (device+cartridges bundled),Not sure / still skeptical,₹6-10L
R100486,Wave 2 - Jul 2026,Tier-1,West,Two-wheeler,2.6,No,1017,No,None noticed,Yes,Ineffective,No,No,3999,3,3,Subscription (device+cartridges bundled),Environmental/fuel-quality concern,<₹3L
R100487,Wave 2 - Jul 2026,Metro,West,Commercial/Fleet,1.6,Yes,9974,No,None noticed,Yes,Ineffective,Yes,No,4499,5,10,One-time payment,Protect engine/seals from damage,₹3-6L
R100488,Wave 2 - Jul 2026,Tier-2,West,Two-wheeler,1.5,Yes,1503,Yes,0-5%,No,Disastrous,Yes,Yes,3999,4,5,No-cost EMI (installments),Environmental/fuel-quality concern,<₹3L
R100489,Wave 1 - Jul 2026,Tier-2,South,Two-wheeler,1.0,Yes,1202,No,None noticed,No,Positive,No,No,4499,3,6,No-cost EMI (installments),Protect engine/seals from damage,₹10-20L
R100490,Wave 1 - Jul 2026,Tier-2,East,Two-wheeler,0.4,Yes,2121,No,None noticed,Yes,Ineffective,Yes,No,4499,3,2,One-time payment,Restore lost mileage,<₹3L
R100491,Wave 2 - Jul 2026,Tier-2,Central,Commercial/Fleet,2.3,No,28262,No,None noticed,No,Neutral/Mixed,No,No,5999,4,7,No-cost EMI (installments),Protect engine/seals from damage,<₹3L
R100492,Wave 1 - Jul 2026,Tier-2,South,Hatchback,6.7,No,6541,No,None noticed,Yes,Ineffective,Yes,No,4499,5,10,One-time payment,Save money long-term vs additives,₹10-20L
R100493,Wave 1 - Jul 2026,Tier-1,West,Hatchback,5.6,No,3094,Yes,10-15%,No,Neutral/Mixed,No,Yes,4499,4,8,Subscription (device+cartridges bundled),Environmental/fuel-quality concern,<₹3L
R100494,Wave 1 - Jul 2026,Tier-2,West,Commercial/Fleet,8.8,No,21449,Yes,5-10%,Yes,Disastrous,Yes,No,5999,5,10,One-time payment,Protect engine/seals from damage,₹6-10L
R100495,Wave 2 - Jul 2026,Tier-1,West,Two-wheeler,1.5,Yes,1741,Yes,0-5%,No,Ineffective,No,No,5999,2,1,No-cost EMI (installments),Not sure / still skeptical,₹3-6L
R100496,Wave 1 - Jul 2026,Tier-1,North,Commercial/Fleet,5.0,No,22428,Yes,10-15%,No,Neutral/Mixed,No,No,5999,5,8,Subscription (device+cartridges bundled),Restore lost mileage,₹10-20L
R100497,Wave 2 - Jul 2026,Tier-2,East,Two-wheeler,3.0,No,1261,Yes,10-15%,Yes,Disastrous,Yes,No,5999,4,9,No-cost EMI (installments),Restore lost mileage,₹3-6L
R100498,Wave 2 - Jul 2026,Tier-1,Central,Hatchback,1.9,Yes,5704,No,None noticed,No,Neutral/Mixed,No,Yes,4499,5,10,One-time payment,Protect engine/seals from damage,<₹3L
R100499,Wave 2 - Jul 2026,Tier-1,West,Two-wheeler,6.2,No,1400,Yes,15%+,Yes,Disastrous,No,Yes,5999,5,10,One-time payment,Restore lost mileage,₹3-6L
R100500,Wave 1 - Jul 2026,Tier-2,Central,Two-wheeler,3.0,No,1450,Yes,10-15%,Yes,Positive,No,No,4499,4,7,Subscription (device+cartridges bundled),Restore lost mileage,>₹20L
R100501,Wave 2 - Jul 2026,Tier-3,Central,Commercial/Fleet,0.7,No,10534,No,None noticed,No,Positive,Yes,No,5999,3,4,One-time payment,Environmental/fuel-quality concern,₹10-20L
R100502,Wave 2 - Jul 2026,Tier-3,South,Two-wheeler,5.6,No,1653,Yes,5-10%,No,Disastrous,Yes,No,5999,5,10,One-time payment,Protect engine/seals from damage,₹3-6L
R100503,Wave 1 - Jul 2026,Tier-1,West,Commercial/Fleet,4.2,No,17151,Yes,10-15%,No,Neutral/Mixed,Yes,No,3999,3,5,Subscription (device+cartridges bundled),Save money long-term vs additives,₹3-6L
R100504,Wave 2 - Jul 2026,Tier-1,South,Two-wheeler,3.5,No,1582,Yes,10-15%,Yes,Ineffective,Yes,No,3999,5,9,No-cost EMI (installments),Restore lost mileage,₹3-6L
R100505,Wave 1 - Jul 2026,Tier-2,Central,Hatchback,1.2,Yes,4476,No,None noticed,No,Neutral/Mixed,Yes,No,5999,1,0,No-cost EMI (installments),Save money long-term vs additives,₹3-6L
R100506,Wave 2 - Jul 2026,Tier-1,North,Commercial/Fleet,3.8,No,19437,Yes,10-15%,Yes,Disastrous,No,No,5999,5,10,One-time payment,Protect engine/seals from damage,₹3-6L
R100507,Wave 2 - Jul 2026,Tier-3,South,Two-wheeler,8.0,No,1382,Yes,15%+,Yes,Disastrous,No,Yes,4499,5,10,No-cost EMI (installments),Save money long-term vs additives,₹10-20L
R100508,Wave 1 - Jul 2026,Tier-1,East,Commercial/Fleet,4.1,No,22575,Yes,10-15%,No,Ineffective,Yes,No,5999,5,8,No-cost EMI (installments),Restore lost mileage,<₹3L
R100509,Wave 2 - Jul 2026,Metro,South,Hatchback,0.9,No,3966,No,None noticed,No,Neutral/Mixed,Yes,No,4499,2,4,One-time payment,Not sure / still skeptical,₹10-20L
R100510,Wave 1 - Jul 2026,Metro,East,Sedan,4.3,No,3437,Yes,5-10%,No,Neutral/Mixed,No,No,4499,3,5,One-time payment,Environmental/fuel-quality concern,<₹3L
R100511,Wave 2 - Jul 2026,Tier-3,South,Two-wheeler,4.1,No,1623,Yes,5-10%,No,Disastrous,No,Yes,4499,3,5,One-time payment,Environmental/fuel-quality concern,₹10-20L
R100512,Wave 2 - Jul 2026,Metro,Central,Hatchback,5.3,No,3249,Yes,10-15%,Yes,Ineffective,No,No,3999,5,10,No-cost EMI (installments),Protect engine/seals from damage,₹6-10L
R100513,Wave 1 - Jul 2026,Tier-1,Central,Sedan,4.0,Yes,3649,No,None noticed,Yes,Disastrous,Yes,No,4499,5,10,One-time payment,Restore lost mileage,<₹3L
R100514,Wave 2 - Jul 2026,Tier-1,South,Two-wheeler,1.5,No,999,No,None noticed,No,Neutral/Mixed,Yes,No,5999,1,0,Subscription (device+cartridges bundled),Not sure / still skeptical,₹10-20L
R100515,Wave 2 - Jul 2026,Metro,East,Two-wheeler,3.4,No,1511,No,None noticed,No,Disastrous,Yes,No,3999,5,9,One-time payment,Protect engine/seals from damage,₹3-6L
R100516,Wave 1 - Jul 2026,Tier-1,South,Two-wheeler,2.7,Yes,1362,No,None noticed,No,Neutral/Mixed,No,No,5999,3,7,One-time payment,Restore lost mileage,₹10-20L
R100517,Wave 2 - Jul 2026,Tier-2,West,SUV,3.7,No,3303,Yes,10-15%,No,Disastrous,No,No,5999,5,8,Subscription (device+cartridges bundled),Restore lost mileage,₹10-20L
R100518,Wave 1 - Jul 2026,Metro,West,Two-wheeler,6.3,No,1250,No,None noticed,Yes,Ineffective,Yes,No,3999,5,10,Subscription (device+cartridges bundled),Protect engine/seals from damage,>₹20L
R100519,Wave 1 - Jul 2026,Tier-3,East,Sedan,2.0,Yes,7699,Yes,0-5%,No,Disastrous,No,No,5999,4,7,No-cost EMI (installments),Protect engine/seals from damage,₹10-20L
R100520,Wave 1 - Jul 2026,Tier-3,North,Commercial/Fleet,9.6,No,16162,Yes,10-15%,No,Neutral/Mixed,No,No,5999,5,10,Subscription (device+cartridges bundled),Save money long-term vs additives,₹3-6L
R100521,Wave 1 - Jul 2026,Tier-1,North,Two-wheeler,4.3,No,1335,Yes,10-15%,No,Disastrous,No,No,4499,5,10,One-time payment,Restore lost mileage,₹6-10L
R100522,Wave 1 - Jul 2026,Metro,West,Two-wheeler,5.6,No,1809,Yes,10-15%,Yes,Ineffective,Yes,No,3999,5,9,One-time payment,Restore lost mileage,₹6-10L
R100523,Wave 1 - Jul 2026,Tier-2,West,Sedan,5.1,No,7092,Yes,5-10%,Yes,Ineffective,No,No,3999,5,10,One-time payment,Environmental/fuel-quality concern,₹3-6L
R100524,Wave 2 - Jul 2026,Metro,South,Two-wheeler,4.2,No,1801,Yes,10-15%,No,Disastrous,No,No,4499,4,7,No-cost EMI (installments),Restore lost mileage,₹6-10L
R100525,Wave 1 - Jul 2026,Tier-1,North,Hatchback,4.7,No,939,Yes,15%+,No,Disastrous,No,Yes,3999,5,8,No-cost EMI (installments),Restore lost mileage,₹3-6L
R100526,Wave 2 - Jul 2026,Tier-3,South,Sedan,0.3,Yes,8615,No,None noticed,Yes,Ineffective,Yes,No,3999,5,10,No-cost EMI (installments),Save money long-term vs additives,₹6-10L
R100527,Wave 1 - Jul 2026,Tier-3,East,Hatchback,5.1,Yes,4948,Yes,5-10%,No,Ineffective,No,No,5999,3,6,One-time payment,Not sure / still skeptical,₹3-6L
R100528,Wave 1 - Jul 2026,Tier-2,North,Two-wheeler,1.6,Yes,2365,No,None noticed,No,Positive,No,No,5999,1,0,No-cost EMI (installments),Not sure / still skeptical,<₹3L
R100529,Wave 2 - Jul 2026,Tier-1,South,Sedan,3.1,Yes,4530,Yes,0-5%,Yes,Disastrous,No,No,5999,5,10,Subscription (device+cartridges bundled),Restore lost mileage,>₹20L
R100530,Wave 1 - Jul 2026,Tier-2,Central,Hatchback,4.1,No,2126,Yes,10-15%,Yes,Ineffective,No,No,5999,3,4,No-cost EMI (installments),Save money long-term vs additives,₹10-20L
R100531,Wave 1 - Jul 2026,Tier-2,North,Two-wheeler,6.5,No,1403,No,None noticed,Yes,Neutral/Mixed,No,No,3999,2,2,One-time payment,Not sure / still skeptical,₹3-6L
R100532,Wave 2 - Jul 2026,Tier-1,East,Hatchback,1.6,Yes,3876,No,None noticed,No,Neutral/Mixed,No,No,3999,1,0,One-time payment,Not sure / still skeptical,₹3-6L
R100533,Wave 1 - Jul 2026,Tier-2,South,SUV,2.3,Yes,9701,Yes,0-5%,No,Ineffective,No,No,4499,4,8,One-time payment,Restore lost mileage,₹10-20L
R100534,Wave 1 - Jul 2026,Metro,East,Sedan,2.6,Yes,7546,No,None noticed,Yes,Positive,Yes,No,4499,5,9,No-cost EMI (installments),Save money long-term vs additives,₹3-6L
R100535,Wave 2 - Jul 2026,Metro,East,Hatchback,3.7,No,4097,Yes,5-10%,Yes,Disastrous,No,No,3999,5,10,One-time payment,Protect engine/seals from damage,₹6-10L
R100536,Wave 1 - Jul 2026,Tier-1,Central,Two-wheeler,2.7,No,1306,Yes,10-15%,Yes,Ineffective,Yes,No,5999,4,8,No-cost EMI (installments),Restore lost mileage,₹10-20L
R100537,Wave 2 - Jul 2026,Metro,North,Two-wheeler,4.7,No,1605,No,None noticed,Yes,Disastrous,No,No,3999,5,9,One-time payment,Restore lost mileage,₹3-6L
R100538,Wave 1 - Jul 2026,Metro,West,Two-wheeler,0.7,No,1300,Yes,5-10%,Yes,Ineffective,No,No,4499,5,10,No-cost EMI (installments),Restore lost mileage,₹3-6L
R100539,Wave 1 - Jul 2026,Tier-3,East,Two-wheeler,2.9,No,1267,Yes,10-15%,No,Positive,Yes,No,4499,2,1,One-time payment,Not sure / still skeptical,<₹3L
R100540,Wave 1 - Jul 2026,Tier-3,South,Commercial/Fleet,8.5,No,23872,Yes,10-15%,No,Neutral/Mixed,Yes,No,4499,5,7,One-time payment,Restore lost mileage,₹3-6L
R100541,Wave 1 - Jul 2026,Tier-2,North,Two-wheeler,2.7,No,1894,Yes,5-10%,No,Disastrous,Yes,No,3999,5,10,One-time payment,Protect engine/seals from damage,₹6-10L
R100542,Wave 2 - Jul 2026,Tier-3,North,SUV,4.3,No,10689,Yes,10-15%,Yes,Ineffective,Yes,No,3999,5,6,No-cost EMI (installments),Restore lost mileage,₹3-6L
R100543,Wave 2 - Jul 2026,Tier-3,Central,Two-wheeler,5.9,No,1334,Yes,15%+,No,Disastrous,Yes,No,5999,3,7,No-cost EMI (installments),Environmental/fuel-quality concern,>₹20L
R100544,Wave 2 - Jul 2026,Metro,West,Two-wheeler,4.2,No,561,Yes,10-15%,Yes,Ineffective,Yes,No,5999,4,7,One-time payment,Protect engine/seals from damage,₹10-20L
R100545,Wave 1 - Jul 2026,Tier-1,West,Two-wheeler,10.2,No,1342,No,None noticed,Yes,Ineffective,No,Yes,4499,2,0,No-cost EMI (installments),Not sure / still skeptical,₹3-6L
R100546,Wave 2 - Jul 2026,Tier-1,East,Two-wheeler,3.4,No,1103,Yes,10-15%,Yes,Ineffective,No,Yes,3999,5,8,No-cost EMI (installments),Protect engine/seals from damage,₹6-10L
R100547,Wave 2 - Jul 2026,Metro,West,SUV,4.9,No,7902,Yes,10-15%,Yes,Disastrous,Yes,No,4499,5,7,No-cost EMI (installments),Save money long-term vs additives,₹3-6L
R100548,Wave 1 - Jul 2026,Tier-2,South,Commercial/Fleet,3.8,No,15024,No,None noticed,No,Disastrous,Yes,Yes,3999,5,10,No-cost EMI (installments),Protect engine/seals from damage,₹3-6L
R100549,Wave 1 - Jul 2026,Tier-1,South,SUV,7.5,No,8152,Yes,10-15%,Yes,Disastrous,Yes,No,3999,5,7,Subscription (device+cartridges bundled),Protect engine/seals from damage,₹6-10L
R100550,Wave 1 - Jul 2026,Tier-1,West,Two-wheeler,2.4,Yes,993,No,None noticed,No,Disastrous,No,No,3999,5,10,One-time payment,Environmental/fuel-quality concern,<₹3L
R100551,Wave 1 - Jul 2026,Metro,North,Sedan,10.7,No,3720,Yes,15%+,No,Ineffective,No,No,3999,5,9,One-time payment,Protect engine/seals from damage,₹3-6L
R100552,Wave 1 - Jul 2026,Metro,Central,Two-wheeler,2.0,Yes,1879,Yes,0-5%,No,Neutral/Mixed,No,No,3999,4,6,One-time payment,Environmental/fuel-quality concern,₹3-6L
R100553,Wave 1 - Jul 2026,Tier-3,East,Commercial/Fleet,9.1,No,13477,Yes,10-15%,Yes,Ineffective,Yes,Yes,3999,5,10,No-cost EMI (installments),Restore lost mileage,₹3-6L
R100554,Wave 2 - Jul 2026,Metro,South,Hatchback,1.5,Yes,4200,No,None noticed,No,Positive,No,No,5999,1,1,One-time payment,Not sure / still skeptical,₹6-10L
R100555,Wave 1 - Jul 2026,Metro,West,Two-wheeler,5.0,Yes,1774,Yes,0-5%,No,Neutral/Mixed,Yes,No,4499,3,6,No-cost EMI (installments),Not sure / still skeptical,>₹20L
R100556,Wave 1 - Jul 2026,Tier-1,North,Two-wheeler,3.2,No,1758,Yes,10-15%,No,Disastrous,No,No,4499,4,6,One-time payment,Environmental/fuel-quality concern,₹6-10L
R100557,Wave 2 - Jul 2026,Tier-1,Central,Two-wheeler,5.8,No,1712,Yes,15%+,Yes,Disastrous,No,No,3999,5,9,No-cost EMI (installments),Protect engine/seals from damage,>₹20L
R100558,Wave 1 - Jul 2026,Tier-2,Central,Two-wheeler,4.4,No,1519,No,None noticed,Yes,Ineffective,Yes,Yes,5999,4,6,No-cost EMI (installments),Protect engine/seals from damage,₹6-10L
R100559,Wave 1 - Jul 2026,Tier-1,Central,Commercial/Fleet,5.6,No,22250,Yes,10-15%,Yes,Disastrous,No,No,3999,5,9,One-time payment,Save money long-term vs additives,₹3-6L
R100560,Wave 1 - Jul 2026,Metro,South,SUV,1.4,Yes,11353,No,None noticed,No,Neutral/Mixed,No,Yes,3999,4,6,Subscription (device+cartridges bundled),Restore lost mileage,₹10-20L
R100561,Wave 2 - Jul 2026,Metro,North,Commercial/Fleet,0.8,Yes,20702,No,None noticed,No,Positive,No,Yes,4499,5,9,No-cost EMI (installments),Environmental/fuel-quality concern,<₹3L
R100562,Wave 1 - Jul 2026,Tier-3,North,Two-wheeler,1.2,Yes,680,No,None noticed,No,Neutral/Mixed,No,No,5999,2,2,No-cost EMI (installments),Protect engine/seals from damage,<₹3L
R100563,Wave 2 - Jul 2026,Tier-2,North,Hatchback,1.2,Yes,3578,No,None noticed,No,Positive,No,No,5999,3,5,Subscription (device+cartridges bundled),Restore lost mileage,>₹20L
R100564,Wave 2 - Jul 2026,Tier-2,North,Two-wheeler,1.4,Yes,1673,No,None noticed,Yes,Disastrous,Yes,No,4499,4,7,No-cost EMI (installments),Save money long-term vs additives,₹6-10L
R100565,Wave 2 - Jul 2026,Tier-2,North,Hatchback,2.1,No,3463,Yes,10-15%,No,Neutral/Mixed,No,No,4499,1,1,One-time payment,Environmental/fuel-quality concern,>₹20L
R100566,Wave 2 - Jul 2026,Tier-2,Central,Two-wheeler,2.1,Yes,2035,No,None noticed,No,Ineffective,No,No,3999,3,4,No-cost EMI (installments),Protect engine/seals from damage,₹3-6L
R100567,Wave 2 - Jul 2026,Metro,North,Two-wheeler,3.3,No,1375,Yes,10-15%,Yes,Neutral/Mixed,No,No,4499,3,4,No-cost EMI (installments),Protect engine/seals from damage,₹10-20L
R100568,Wave 2 - Jul 2026,Tier-1,North,Hatchback,1.7,No,4300,No,None noticed,No,Ineffective,Yes,No,4499,3,5,No-cost EMI (installments),Not sure / still skeptical,₹3-6L
R100569,Wave 1 - Jul 2026,Tier-1,East,Two-wheeler,1.8,Yes,1841,Yes,0-5%,No,Ineffective,Yes,No,3999,3,3,Subscription (device+cartridges bundled),Save money long-term vs additives,₹3-6L
R100570,Wave 1 - Jul 2026,Tier-1,West,Hatchback,2.8,No,3985,No,None noticed,No,Neutral/Mixed,No,No,3999,3,5,One-time payment,Not sure / still skeptical,₹10-20L
R100571,Wave 1 - Jul 2026,Tier-3,East,Sedan,6.3,No,6086,Yes,10-15%,Yes,Disastrous,No,No,5999,5,9,One-time payment,Restore lost mileage,₹6-10L
R100572,Wave 1 - Jul 2026,Tier-1,West,Two-wheeler,2.4,Yes,1752,No,None noticed,No,Neutral/Mixed,No,No,3999,4,7,One-time payment,Protect engine/seals from damage,₹6-10L
R100573,Wave 1 - Jul 2026,Tier-2,Central,Commercial/Fleet,3.1,Yes,10874,No,None noticed,No,Ineffective,Yes,No,3999,5,9,No-cost EMI (installments),Restore lost mileage,₹10-20L
R100574,Wave 2 - Jul 2026,Tier-3,West,Hatchback,3.5,Yes,3864,Yes,0-5%,No,Ineffective,Yes,No,5999,1,2,No-cost EMI (installments),Environmental/fuel-quality concern,₹10-20L
R100575,Wave 1 - Jul 2026,Tier-1,West,SUV,1.6,Yes,10104,No,None noticed,No,Positive,No,No,5999,1,0,One-time payment,Restore lost mileage,<₹3L
R100576,Wave 1 - Jul 2026,Tier-3,West,Sedan,2.6,Yes,5907,Yes,5-10%,Yes,Disastrous,Yes,No,4499,5,9,One-time payment,Restore lost mileage,₹3-6L
R100577,Wave 1 - Jul 2026,Tier-2,South,Sedan,1.9,Yes,8183,Yes,5-10%,Yes,Disastrous,Yes,No,4499,5,8,No-cost EMI (installments),Protect engine/seals from damage,₹10-20L
R100578,Wave 2 - Jul 2026,Tier-3,South,Sedan,5.9,No,3241,Yes,10-15%,Yes,Neutral/Mixed,No,No,3999,5,10,One-time payment,Protect engine/seals from damage,₹6-10L
R100579,Wave 1 - Jul 2026,Tier-1,South,SUV,5.6,Yes,4320,Yes,10-15%,Yes,Disastrous,No,No,5999,5,9,No-cost EMI (installments),Restore lost mileage,₹6-10L
R100580,Wave 2 - Jul 2026,Tier-1,North,Hatchback,1.8,Yes,5105,No,None noticed,No,Positive,Yes,Yes,3999,2,0,One-time payment,Environmental/fuel-quality concern,<₹3L
R100581,Wave 2 - Jul 2026,Tier-1,East,Two-wheeler,3.1,No,1739,Yes,10-15%,Yes,Disastrous,No,Yes,5999,2,2,No-cost EMI (installments),Save money long-term vs additives,<₹3L
R100582,Wave 1 - Jul 2026,Metro,South,Two-wheeler,4.9,No,1324,Yes,15%+,No,Ineffective,No,No,3999,3,5,One-time payment,Save money long-term vs additives,>₹20L
R100583,Wave 2 - Jul 2026,Tier-1,North,Hatchback,4.0,Yes,4671,No,None noticed,No,Ineffective,No,Yes,4499,3,4,One-time payment,Environmental/fuel-quality concern,₹6-10L
R100584,Wave 2 - Jul 2026,Tier-3,South,Two-wheeler,4.3,No,1692,Yes,10-15%,Yes,Disastrous,Yes,No,4499,4,7,No-cost EMI (installments),Save money long-term vs additives,₹10-20L
R100585,Wave 2 - Jul 2026,Tier-2,East,Two-wheeler,1.6,Yes,1081,No,None noticed,No,Neutral/Mixed,No,No,3999,1,0,One-time payment,Not sure / still skeptical,₹3-6L
R100586,Wave 2 - Jul 2026,Metro,South,Two-wheeler,8.9,No,1123,Yes,15%+,No,Neutral/Mixed,No,No,4499,5,9,One-time payment,Restore lost mileage,₹3-6L
R100587,Wave 1 - Jul 2026,Tier-1,West,Hatchback,2.1,Yes,4423,Yes,0-5%,No,Disastrous,No,No,5999,4,9,No-cost EMI (installments),Protect engine/seals from damage,₹6-10L
R100588,Wave 2 - Jul 2026,Metro,East,Two-wheeler,2.0,Yes,1754,No,None noticed,Yes,Positive,No,No,3999,3,3,One-time payment,Environmental/fuel-quality concern,₹10-20L
R100589,Wave 2 - Jul 2026,Metro,North,Hatchback,1.1,Yes,2829,No,None noticed,No,Neutral/Mixed,No,Yes,5999,2,5,One-time payment,Not sure / still skeptical,₹3-6L
R100590,Wave 2 - Jul 2026,Tier-3,East,SUV,2.9,Yes,7746,Yes,10-15%,Yes,Disastrous,Yes,Yes,3999,5,9,One-time payment,Protect engine/seals from damage,₹3-6L
R100591,Wave 2 - Jul 2026,Tier-1,South,SUV,6.7,No,7639,Yes,5-10%,Yes,Neutral/Mixed,No,No,4499,4,8,One-time payment,Protect engine/seals from damage,₹6-10L
R100592,Wave 2 - Jul 2026,Tier-1,North,Two-wheeler,4.0,Yes,1564,Yes,0-5%,Yes,Neutral/Mixed,No,No,4499,5,9,No-cost EMI (installments),Save money long-term vs additives,<₹3L
R100593,Wave 1 - Jul 2026,Tier-2,West,Hatchback,3.1,Yes,4190,Yes,0-5%,No,Ineffective,No,No,4499,5,7,Subscription (device+cartridges bundled),Not sure / still skeptical,₹3-6L
R100594,Wave 1 - Jul 2026,Metro,Central,Hatchback,5.4,No,3558,Yes,10-15%,Yes,Disastrous,Yes,No,4499,4,6,No-cost EMI (installments),Protect engine/seals from damage,₹6-10L
R100595,Wave 1 - Jul 2026,Metro,South,Hatchback,6.6,No,5668,Yes,10-15%,Yes,Disastrous,No,No,5999,5,9,No-cost EMI (installments),Restore lost mileage,<₹3L
R100596,Wave 2 - Jul 2026,Tier-2,West,Sedan,5.6,No,4924,No,None noticed,No,Ineffective,Yes,Yes,4499,3,6,Subscription (device+cartridges bundled),Environmental/fuel-quality concern,₹6-10L
R100597,Wave 1 - Jul 2026,Tier-2,South,Two-wheeler,0.6,Yes,1285,Yes,0-5%,No,Neutral/Mixed,No,No,4499,3,3,No-cost EMI (installments),Environmental/fuel-quality concern,<₹3L
R100598,Wave 2 - Jul 2026,Tier-3,West,Commercial/Fleet,5.4,No,10256,No,None noticed,Yes,Ineffective,No,No,4499,5,8,No-cost EMI (installments),Restore lost mileage,₹10-20L
R100599,Wave 1 - Jul 2026,Tier-2,West,Two-wheeler,4.5,No,1120,Yes,10-15%,No,Ineffective,No,Yes,4499,5,9,No-cost EMI (installments),Restore lost mileage,₹10-20L
R100600,Wave 1 - Jul 2026,Tier-1,West,SUV,1.8,Yes,9385,No,None noticed,No,Ineffective,No,No,3999,4,8,No-cost EMI (installments),Protect engine/seals from damage,₹10-20L
R100601,Wave 1 - Jul 2026,Tier-2,West,Hatchback,4.5,No,4577,Yes,5-10%,Yes,Disastrous,No,No,3999,5,10,Subscription (device+cartridges bundled),Protect engine/seals from damage,₹6-10L
R100602,Wave 1 - Jul 2026,Tier-3,North,Two-wheeler,6.7,No,1635,Yes,10-15%,Yes,Disastrous,Yes,No,4499,5,8,One-time payment,Save money long-term vs additives,₹6-10L
R100603,Wave 2 - Jul 2026,Tier-2,West,Sedan,2.1,Yes,6695,No,None noticed,No,Neutral/Mixed,No,No,5999,1,0,Subscription (device+cartridges bundled),Protect engine/seals from damage,₹3-6L
R100604,Wave 1 - Jul 2026,Tier-3,West,Two-wheeler,5.9,No,2218,Yes,10-15%,Yes,Ineffective,Yes,No,3999,5,10,One-time payment,Restore lost mileage,₹6-10L
R100605,Wave 1 - Jul 2026,Tier-2,West,Sedan,4.1,No,4585,No,None noticed,No,Positive,No,No,4499,3,6,No-cost EMI (installments),Environmental/fuel-quality concern,<₹3L
R100606,Wave 1 - Jul 2026,Tier-3,North,Hatchback,0.3,Yes,2296,Yes,10-15%,No,Neutral/Mixed,No,No,3999,2,2,One-time payment,Restore lost mileage,₹10-20L
R100607,Wave 1 - Jul 2026,Metro,South,Two-wheeler,3.2,Yes,988,Yes,0-5%,No,Ineffective,No,No,4499,4,5,One-time payment,Protect engine/seals from damage,<₹3L
R100608,Wave 1 - Jul 2026,Tier-2,South,Two-wheeler,4.0,Yes,1124,No,None noticed,Yes,Disastrous,No,No,5999,4,6,One-time payment,Protect engine/seals from damage,₹6-10L
R100609,Wave 1 - Jul 2026,Tier-1,North,Sedan,2.6,No,4218,Yes,10-15%,Yes,Neutral/Mixed,No,No,5999,5,10,Subscription (device+cartridges bundled),Restore lost mileage,₹6-10L
R100610,Wave 2 - Jul 2026,Tier-2,North,Two-wheeler,4.2,No,1437,Yes,5-10%,Yes,Neutral/Mixed,No,No,5999,4,7,No-cost EMI (installments),Save money long-term vs additives,₹6-10L
R100611,Wave 2 - Jul 2026,Tier-2,South,SUV,3.0,No,11076,Yes,10-15%,No,Neutral/Mixed,No,No,5999,4,9,Subscription (device+cartridges bundled),Restore lost mileage,₹3-6L
R100612,Wave 2 - Jul 2026,Tier-3,East,Sedan,12.0,No,8300,Yes,10-15%,Yes,Disastrous,Yes,No,3999,5,10,One-time payment,Save money long-term vs additives,₹6-10L
R100613,Wave 1 - Jul 2026,Tier-3,North,Sedan,2.5,Yes,6619,No,None noticed,No,Ineffective,No,No,4499,2,3,One-time payment,Environmental/fuel-quality concern,₹6-10L
R100614,Wave 1 - Jul 2026,Tier-1,East,Two-wheeler,1.8,No,2239,No,None noticed,No,Positive,Yes,No,3999,3,2,One-time payment,Save money long-term vs additives,>₹20L
R100615,Wave 1 - Jul 2026,Tier-2,West,Sedan,5.7,No,5221,Yes,10-15%,No,Disastrous,Yes,No,5999,3,4,One-time payment,Not sure / still skeptical,₹6-10L
R100616,Wave 2 - Jul 2026,Tier-2,East,Commercial/Fleet,2.7,No,10044,No,None noticed,No,Neutral/Mixed,No,Yes,5999,4,6,No-cost EMI (installments),Restore lost mileage,₹3-6L
R100617,Wave 1 - Jul 2026,Tier-1,South,Two-wheeler,3.1,Yes,1813,Yes,5-10%,Yes,Disastrous,Yes,No,3999,4,6,Subscription (device+cartridges bundled),Save money long-term vs additives,₹10-20L
R100618,Wave 1 - Jul 2026,Metro,South,Two-wheeler,2.9,Yes,679,Yes,0-5%,No,Ineffective,No,No,3999,5,9,No-cost EMI (installments),Restore lost mileage,<₹3L
R100619,Wave 1 - Jul 2026,Metro,West,Two-wheeler,5.5,No,1104,Yes,10-15%,Yes,Disastrous,Yes,No,4499,5,9,No-cost EMI (installments),Not sure / still skeptical,₹3-6L
R100620,Wave 1 - Jul 2026,Tier-2,Central,Two-wheeler,1.4,No,1604,No,None noticed,No,Neutral/Mixed,No,No,5999,2,0,No-cost EMI (installments),Restore lost mileage,<₹3L
R100621,Wave 1 - Jul 2026,Tier-1,South,Sedan,5.9,No,5634,Yes,10-15%,No,Ineffective,Yes,No,3999,4,8,No-cost EMI (installments),Protect engine/seals from damage,₹6-10L
R100622,Wave 2 - Jul 2026,Tier-3,West,Hatchback,4.7,No,3975,Yes,10-15%,No,Ineffective,No,No,4499,4,7,No-cost EMI (installments),Restore lost mileage,₹6-10L
R100623,Wave 2 - Jul 2026,Tier-1,West,Hatchback,9.7,No,2811,No,None noticed,Yes,Disastrous,No,Yes,4499,4,7,No-cost EMI (installments),Protect engine/seals from damage,₹6-10L
R100624,Wave 1 - Jul 2026,Tier-3,West,Two-wheeler,3.8,Yes,1396,Yes,0-5%,Yes,Neutral/Mixed,No,No,4499,5,10,No-cost EMI (installments),Restore lost mileage,₹10-20L
R100625,Wave 1 - Jul 2026,Tier-1,North,Two-wheeler,1.5,Yes,1793,No,None noticed,No,Neutral/Mixed,No,No,4499,1,0,One-time payment,Protect engine/seals from damage,₹6-10L
R100626,Wave 1 - Jul 2026,Tier-2,West,Two-wheeler,3.8,Yes,1408,Yes,0-5%,No,Ineffective,No,No,3999,5,10,One-time payment,Restore lost mileage,₹3-6L
R100627,Wave 1 - Jul 2026,Metro,South,SUV,4.1,No,6294,No,None noticed,Yes,Ineffective,No,Yes,5999,1,0,Subscription (device+cartridges bundled),Restore lost mileage,₹6-10L
R100628,Wave 1 - Jul 2026,Tier-2,Central,Hatchback,7.1,No,2733,Yes,5-10%,Yes,Disastrous,Yes,Yes,3999,5,10,No-cost EMI (installments),Protect engine/seals from damage,₹10-20L
R100629,Wave 1 - Jul 2026,Tier-2,South,Two-wheeler,1.5,Yes,1083,No,None noticed,No,Neutral/Mixed,No,No,5999,1,0,Subscription (device+cartridges bundled),Not sure / still skeptical,₹6-10L
R100630,Wave 1 - Jul 2026,Tier-3,South,SUV,0.9,Yes,9101,Yes,5-10%,No,Disastrous,No,No,3999,5,10,One-time payment,Restore lost mileage,₹6-10L
R100631,Wave 1 - Jul 2026,Tier-3,Central,Two-wheeler,3.8,Yes,1535,No,None noticed,Yes,Neutral/Mixed,Yes,Yes,4499,3,3,No-cost EMI (installments),Not sure / still skeptical,₹6-10L
R100632,Wave 2 - Jul 2026,Metro,South,Two-wheeler,9.9,No,1086,Yes,15%+,Yes,Disastrous,Yes,Yes,4499,5,10,One-time payment,Protect engine/seals from damage,₹6-10L
R100633,Wave 2 - Jul 2026,Tier-1,North,Two-wheeler,5.2,No,533,Yes,5-10%,Yes,Positive,No,No,4499,5,8,Subscription (device+cartridges bundled),Restore lost mileage,₹3-6L
R100634,Wave 1 - Jul 2026,Metro,North,Commercial/Fleet,5.4,No,20676,Yes,5-10%,Yes,Ineffective,No,Yes,3999,5,10,One-time payment,Restore lost mileage,₹10-20L
R100635,Wave 1 - Jul 2026,Metro,North,Sedan,1.1,Yes,4342,Yes,5-10%,No,Disastrous,No,No,4499,5,9,No-cost EMI (installments),Protect engine/seals from damage,₹3-6L
R100636,Wave 2 - Jul 2026,Tier-2,North,Hatchback,3.4,No,5010,Yes,10-15%,No,Ineffective,Yes,No,3999,5,10,One-time payment,Protect engine/seals from damage,<₹3L
R100637,Wave 1 - Jul 2026,Tier-2,South,Two-wheeler,7.2,No,1104,Yes,15%+,Yes,Disastrous,No,No,4499,5,9,One-time payment,Save money long-term vs additives,₹10-20L
R100638,Wave 2 - Jul 2026,Tier-2,East,Two-wheeler,4.1,No,1013,Yes,10-15%,Yes,Positive,No,No,5999,5,8,One-time payment,Protect engine/seals from damage,₹10-20L
R100639,Wave 1 - Jul 2026,Tier-3,West,Hatchback,0.8,Yes,4380,No,None noticed,No,Positive,No,No,4499,5,6,No-cost EMI (installments),Environmental/fuel-quality concern,₹6-10L
R100640,Wave 2 - Jul 2026,Tier-2,North,Two-wheeler,3.4,No,2324,Yes,10-15%,Yes,Disastrous,No,No,4499,5,10,No-cost EMI (installments),Protect engine/seals from damage,₹6-10L
R100641,Wave 1 - Jul 2026,Tier-2,West,Commercial/Fleet,4.9,No,22380,No,None noticed,Yes,Ineffective,No,No,4499,5,9,Subscription (device+cartridges bundled),Not sure / still skeptical,>₹20L
R100642,Wave 1 - Jul 2026,Metro,North,Sedan,3.1,No,6021,Yes,10-15%,No,Positive,No,No,4499,4,3,No-cost EMI (installments),Protect engine/seals from damage,₹3-6L
R100643,Wave 2 - Jul 2026,Metro,Central,Two-wheeler,1.7,No,1541,Yes,0-5%,No,Ineffective,No,No,5999,4,7,No-cost EMI (installments),Save money long-term vs additives,₹6-10L
R100644,Wave 2 - Jul 2026,Tier-2,North,Sedan,5.8,No,2956,No,None noticed,Yes,Ineffective,No,No,4499,4,8,No-cost EMI (installments),Save money long-term vs additives,₹6-10L
R100645,Wave 1 - Jul 2026,Tier-3,West,Commercial/Fleet,2.4,Yes,12686,No,None noticed,Yes,Ineffective,Yes,No,5999,4,6,One-time payment,Save money long-term vs additives,₹6-10L
R100646,Wave 2 - Jul 2026,Metro,South,Hatchback,4.4,No,1247,Yes,10-15%,No,Disastrous,No,No,5999,1,0,No-cost EMI (installments),Restore lost mileage,₹6-10L
R100647,Wave 2 - Jul 2026,Tier-1,West,Hatchback,3.3,No,6234,Yes,15%+,Yes,Ineffective,No,No,4499,5,9,No-cost EMI (installments),Restore lost mileage,>₹20L
R100648,Wave 1 - Jul 2026,Tier-2,South,Commercial/Fleet,2.4,Yes,26412,No,None noticed,No,Neutral/Mixed,No,No,4499,4,8,No-cost EMI (installments),Restore lost mileage,₹3-6L
R100649,Wave 1 - Jul 2026,Metro,East,Two-wheeler,10.6,No,1554,Yes,10-15%,No,Neutral/Mixed,No,No,5999,2,2,One-time payment,Protect engine/seals from damage,₹3-6L
R100650,Wave 1 - Jul 2026,Tier-1,North,SUV,2.2,Yes,8510,No,None noticed,No,Neutral/Mixed,No,No,5999,2,4,One-time payment,Not sure / still skeptical,₹6-10L
R100651,Wave 2 - Jul 2026,Tier-3,Central,Two-wheeler,3.5,No,792,Yes,10-15%,Yes,Ineffective,Yes,Yes,3999,4,8,One-time payment,Save money long-term vs additives,₹6-10L
R100652,Wave 1 - Jul 2026,Tier-2,West,Hatchback,3.3,No,3942,Yes,10-15%,No,Ineffective,No,No,3999,5,9,Subscription (device+cartridges bundled),Restore lost mileage,₹10-20L
R100653,Wave 1 - Jul 2026,Metro,East,SUV,3.8,No,12315,Yes,5-10%,No,Neutral/Mixed,No,No,3999,5,7,No-cost EMI (installments),Restore lost mileage,>₹20L
R100654,Wave 1 - Jul 2026,Tier-3,East,Hatchback,10.1,No,4355,Yes,10-15%,No,Ineffective,No,No,5999,3,4,No-cost EMI (installments),Restore lost mileage,₹6-10L
R100655,Wave 1 - Jul 2026,Tier-1,Central,Hatchback,4.9,No,3536,Yes,10-15%,Yes,Neutral/Mixed,No,No,5999,4,8,No-cost EMI (installments),Save money long-term vs additives,>₹20L
R100656,Wave 1 - Jul 2026,Tier-3,North,Hatchback,2.3,Yes,2133,No,None noticed,Yes,Ineffective,No,Yes,3999,4,7,No-cost EMI (installments),Environmental/fuel-quality concern,₹3-6L
R100657,Wave 1 - Jul 2026,Tier-1,South,Two-wheeler,8.2,No,1941,No,None noticed,Yes,Neutral/Mixed,No,No,4499,4,8,One-time payment,Restore lost mileage,₹3-6L
R100658,Wave 1 - Jul 2026,Tier-2,South,Two-wheeler,5.5,No,1373,No,None noticed,No,Positive,No,No,5999,1,1,One-time payment,Environmental/fuel-quality concern,₹3-6L
R100659,Wave 1 - Jul 2026,Tier-1,South,Two-wheeler,2.4,Yes,711,Yes,5-10%,Yes,Ineffective,No,No,5999,3,5,No-cost EMI (installments),Not sure / still skeptical,₹10-20L
R100660,Wave 1 - Jul 2026,Metro,West,Hatchback,7.4,No,3113,Yes,15%+,Yes,Disastrous,Yes,No,3999,5,9,One-time payment,Protect engine/seals from damage,₹3-6L
R100661,Wave 1 - Jul 2026,Tier-3,Central,Two-wheeler,1.1,Yes,899,No,None noticed,No,Neutral/Mixed,No,No,3999,1,1,One-time payment,Not sure / still skeptical,₹3-6L
R100662,Wave 1 - Jul 2026,Metro,Central,Two-wheeler,1.4,No,1348,Yes,0-5%,No,Disastrous,No,No,4499,3,8,No-cost EMI (installments),Protect engine/seals from damage,₹6-10L
R100663,Wave 2 - Jul 2026,Metro,West,SUV,0.8,Yes,8676,No,None noticed,No,Disastrous,No,No,4499,3,3,One-time payment,Restore lost mileage,₹3-6L
R100664,Wave 1 - Jul 2026,Tier-1,West,Two-wheeler,0.5,Yes,1203,No,None noticed,No,Positive,No,No,3999,2,3,Subscription (device+cartridges bundled),Not sure / still skeptical,₹6-10L
R100665,Wave 1 - Jul 2026,Tier-2,East,Two-wheeler,7.1,No,1705,Yes,10-15%,No,Neutral/Mixed,Yes,No,3999,3,7,No-cost EMI (installments),Restore lost mileage,₹10-20L
R100666,Wave 1 - Jul 2026,Tier-2,Central,Two-wheeler,3.8,No,1431,Yes,10-15%,Yes,Disastrous,Yes,No,5999,4,5,Subscription (device+cartridges bundled),Save money long-term vs additives,₹3-6L
R100667,Wave 2 - Jul 2026,Tier-3,North,Two-wheeler,0.9,Yes,1816,No,None noticed,No,Positive,No,Yes,4499,1,1,Subscription (device+cartridges bundled),Not sure / still skeptical,₹6-10L
R100668,Wave 2 - Jul 2026,Tier-1,West,Sedan,3.2,Yes,5220,No,None noticed,No,Neutral/Mixed,Yes,No,3999,3,6,One-time payment,Protect engine/seals from damage,<₹3L
R100669,Wave 2 - Jul 2026,Tier-1,East,Two-wheeler,6.0,No,2594,Yes,5-10%,No,Neutral/Mixed,No,No,4499,5,7,One-time payment,Protect engine/seals from damage,₹3-6L
R100670,Wave 1 - Jul 2026,Metro,South,Two-wheeler,1.9,Yes,1179,Yes,5-10%,No,Neutral/Mixed,Yes,No,3999,1,1,No-cost EMI (installments),Not sure / still skeptical,₹3-6L
R100671,Wave 1 - Jul 2026,Tier-2,South,Commercial/Fleet,2.6,No,13821,Yes,15%+,Yes,Neutral/Mixed,No,No,4499,4,7,One-time payment,Environmental/fuel-quality concern,₹6-10L
R100672,Wave 1 - Jul 2026,Tier-3,Central,SUV,10.9,No,5844,Yes,10-15%,Yes,Ineffective,No,Yes,4499,5,9,Subscription (device+cartridges bundled),Restore lost mileage,₹6-10L
R100673,Wave 1 - Jul 2026,Tier-2,Central,Sedan,2.8,No,5457,Yes,10-15%,No,Positive,No,No,3999,5,9,One-time payment,Save money long-term vs additives,₹6-10L
R100674,Wave 2 - Jul 2026,Tier-2,Central,SUV,0.9,Yes,4252,No,None noticed,No,Neutral/Mixed,No,No,3999,1,2,One-time payment,Protect engine/seals from damage,₹10-20L
R100675,Wave 1 - Jul 2026,Tier-1,East,Commercial/Fleet,2.2,Yes,20026,No,None noticed,No,Ineffective,No,No,5999,5,9,No-cost EMI (installments),Save money long-term vs additives,₹3-6L
R100676,Wave 2 - Jul 2026,Tier-3,South,Two-wheeler,0.8,Yes,653,Yes,0-5%,No,Disastrous,No,No,5999,5,9,Subscription (device+cartridges bundled),Protect engine/seals from damage,₹10-20L
R100677,Wave 2 - Jul 2026,Tier-1,South,Hatchback,5.2,No,4390,Yes,10-15%,Yes,Ineffective,Yes,No,3999,4,6,No-cost EMI (installments),Restore lost mileage,₹6-10L
R100678,Wave 2 - Jul 2026,Metro,West,Hatchback,1.7,Yes,2611,No,None noticed,No,Ineffective,No,Yes,4499,4,6,No-cost EMI (installments),Save money long-term vs additives,<₹3L
R100679,Wave 1 - Jul 2026,Tier-1,West,Two-wheeler,1.6,Yes,1251,Yes,5-10%,No,Positive,No,No,3999,3,3,One-time payment,Environmental/fuel-quality concern,₹3-6L
R100680,Wave 2 - Jul 2026,Metro,West,Two-wheeler,11.6,No,1637,Yes,15%+,Yes,Disastrous,No,No,5999,5,9,No-cost EMI (installments),Protect engine/seals from damage,<₹3L
R100681,Wave 1 - Jul 2026,Metro,West,Two-wheeler,1.2,No,2303,No,None noticed,No,Positive,No,Yes,5999,1,0,No-cost EMI (installments),Environmental/fuel-quality concern,<₹3L
R100682,Wave 1 - Jul 2026,Metro,South,Sedan,1.0,Yes,4049,No,None noticed,No,Neutral/Mixed,No,No,4499,3,5,No-cost EMI (installments),Environmental/fuel-quality concern,₹3-6L
R100683,Wave 1 - Jul 2026,Tier-1,East,SUV,1.4,No,7855,No,None noticed,No,Positive,No,No,4499,4,8,No-cost EMI (installments),Save money long-term vs additives,₹3-6L
R100684,Wave 2 - Jul 2026,Tier-2,South,Sedan,6.1,No,4625,Yes,10-15%,Yes,Positive,No,No,4499,5,10,One-time payment,Restore lost mileage,₹10-20L
R100685,Wave 2 - Jul 2026,Tier-1,South,Two-wheeler,4.8,Yes,1059,Yes,10-15%,No,Ineffective,No,No,3999,5,9,One-time payment,Restore lost mileage,₹10-20L
R100686,Wave 1 - Jul 2026,Tier-1,North,Two-wheeler,2.2,No,1120,No,None noticed,No,Neutral/Mixed,No,No,4499,2,1,Subscription (device+cartridges bundled),Not sure / still skeptical,₹6-10L
R100687,Wave 2 - Jul 2026,Tier-3,North,Two-wheeler,2.1,Yes,1723,No,None noticed,No,Ineffective,No,No,3999,5,10,One-time payment,Protect engine/seals from damage,₹10-20L
R100688,Wave 1 - Jul 2026,Tier-2,East,Hatchback,4.5,No,3626,Yes,10-15%,Yes,Ineffective,Yes,No,5999,5,9,No-cost EMI (installments),Protect engine/seals from damage,>₹20L
R100689,Wave 2 - Jul 2026,Tier-1,South,Commercial/Fleet,3.9,Yes,30151,No,None noticed,No,Positive,No,No,4499,5,9,No-cost EMI (installments),Save money long-term vs additives,₹6-10L
R100690,Wave 1 - Jul 2026,Tier-1,North,SUV,3.0,No,9155,No,None noticed,Yes,Disastrous,Yes,No,3999,4,7,Subscription (device+cartridges bundled),Restore lost mileage,₹6-10L
R100691,Wave 1 - Jul 2026,Tier-3,East,Commercial/Fleet,4.9,No,13268,Yes,10-15%,No,Disastrous,No,Yes,4499,5,10,One-time payment,Save money long-term vs additives,₹6-10L
R100692,Wave 1 - Jul 2026,Metro,West,SUV,1.3,Yes,7358,Yes,0-5%,No,Ineffective,Yes,No,5999,2,3,One-time payment,Environmental/fuel-quality concern,>₹20L
R100693,Wave 2 - Jul 2026,Tier-1,North,Commercial/Fleet,1.7,Yes,14346,Yes,0-5%,No,Disastrous,No,No,4499,5,9,No-cost EMI (installments),Restore lost mileage,₹10-20L
R100694,Wave 2 - Jul 2026,Tier-3,South,Hatchback,5.0,No,5141,Yes,5-10%,Yes,Ineffective,Yes,No,4499,5,8,No-cost EMI (installments),Environmental/fuel-quality concern,<₹3L
R100695,Wave 1 - Jul 2026,Tier-1,North,Two-wheeler,4.1,Yes,758,Yes,0-5%,No,Disastrous,No,No,5999,4,6,No-cost EMI (installments),Save money long-term vs additives,₹10-20L
R100696,Wave 1 - Jul 2026,Tier-2,West,Two-wheeler,3.4,Yes,874,Yes,10-15%,No,Positive,No,No,3999,3,6,One-time payment,Restore lost mileage,₹3-6L
R100697,Wave 1 - Jul 2026,Tier-2,South,Two-wheeler,11.3,No,1168,Yes,10-15%,Yes,Positive,No,No,4499,4,6,One-time payment,Environmental/fuel-quality concern,₹3-6L
R100698,Wave 2 - Jul 2026,Tier-2,North,Two-wheeler,5.6,No,1668,Yes,15%+,No,Neutral/Mixed,No,No,4499,3,3,Subscription (device+cartridges bundled),Not sure / still skeptical,₹6-10L
R100699,Wave 1 - Jul 2026,Tier-1,North,Two-wheeler,2.3,Yes,1883,No,None noticed,No,Neutral/Mixed,No,Yes,3999,3,6,No-cost EMI (installments),Environmental/fuel-quality concern,₹6-10L
R100700,Wave 1 - Jul 2026,Metro,West,Commercial/Fleet,1.8,Yes,25651,No,None noticed,No,Ineffective,Yes,No,5999,4,6,Subscription (device+cartridges bundled),Restore lost mileage,₹3-6L
R100701,Wave 1 - Jul 2026,Tier-1,North,Two-wheeler,4.3,No,1608,Yes,10-15%,Yes,Ineffective,Yes,No,4499,5,9,Subscription (device+cartridges bundled),Restore lost mileage,₹3-6L
R100702,Wave 1 - Jul 2026,Metro,East,Commercial/Fleet,7.1,No,18071,Yes,10-15%,Yes,Ineffective,Yes,No,3999,5,10,One-time payment,Save money long-term vs additives,₹10-20L
R100703,Wave 2 - Jul 2026,Tier-3,North,Sedan,0.7,Yes,7090,Yes,10-15%,No,Positive,Yes,No,3999,3,5,No-cost EMI (installments),Not sure / still skeptical,₹3-6L
R100704,Wave 1 - Jul 2026,Tier-1,West,Hatchback,4.1,No,2854,No,None noticed,Yes,Ineffective,No,No,5999,5,6,No-cost EMI (installments),Restore lost mileage,₹10-20L
R100705,Wave 1 - Jul 2026,Tier-2,South,Sedan,2.6,No,2804,Yes,10-15%,No,Disastrous,No,No,5999,4,7,No-cost EMI (installments),Protect engine/seals from damage,₹6-10L
R100706,Wave 1 - Jul 2026,Tier-2,South,Two-wheeler,3.8,No,1571,Yes,10-15%,No,Positive,No,No,3999,2,4,No-cost EMI (installments),Protect engine/seals from damage,₹6-10L
R100707,Wave 1 - Jul 2026,Tier-2,North,Hatchback,1.0,Yes,3017,No,None noticed,No,Positive,No,No,4499,3,6,One-time payment,Protect engine/seals from damage,<₹3L
R100708,Wave 1 - Jul 2026,Tier-1,East,Two-wheeler,7.1,No,1374,Yes,15%+,Yes,Disastrous,No,No,3999,5,6,Subscription (device+cartridges bundled),Protect engine/seals from damage,>₹20L
R100709,Wave 1 - Jul 2026,Tier-1,Central,Commercial/Fleet,8.3,No,19120,Yes,15%+,No,Ineffective,No,No,5999,5,10,No-cost EMI (installments),Restore lost mileage,₹10-20L
R100710,Wave 2 - Jul 2026,Tier-3,North,Two-wheeler,5.3,No,1497,Yes,10-15%,Yes,Disastrous,No,Yes,4499,4,5,No-cost EMI (installments),Protect engine/seals from damage,₹3-6L
R100711,Wave 1 - Jul 2026,Tier-2,North,Two-wheeler,9.4,No,1768,No,None noticed,Yes,Ineffective,No,No,3999,5,8,One-time payment,Protect engine/seals from damage,₹6-10L
R100712,Wave 1 - Jul 2026,Tier-2,Central,Sedan,2.5,Yes,7151,No,None noticed,No,Neutral/Mixed,No,Yes,4499,5,10,No-cost EMI (installments),Protect engine/seals from damage,₹10-20L
R100713,Wave 1 - Jul 2026,Tier-3,West,Sedan,4.0,No,6117,Yes,15%+,Yes,Disastrous,Yes,No,5999,3,5,No-cost EMI (installments),Not sure / still skeptical,₹3-6L
R100714,Wave 1 - Jul 2026,Tier-2,North,Two-wheeler,5.3,No,1227,Yes,15%+,No,Disastrous,Yes,No,4499,5,9,No-cost EMI (installments),Restore lost mileage,₹6-10L
R100715,Wave 1 - Jul 2026,Metro,North,Hatchback,4.3,No,4327,Yes,15%+,No,Disastrous,Yes,No,3999,4,6,One-time payment,Restore lost mileage,₹10-20L
R100716,Wave 2 - Jul 2026,Tier-2,West,Two-wheeler,2.8,No,1166,Yes,10-15%,Yes,Disastrous,No,No,5999,5,10,No-cost EMI (installments),Protect engine/seals from damage,₹6-10L
R100717,Wave 1 - Jul 2026,Metro,West,Sedan,3.0,No,5481,Yes,10-15%,Yes,Disastrous,No,No,3999,5,9,No-cost EMI (installments),Protect engine/seals from damage,>₹20L
R100718,Wave 2 - Jul 2026,Tier-2,West,Two-wheeler,7.9,No,2426,Yes,5-10%,No,Ineffective,Yes,No,4499,4,5,Subscription (device+cartridges bundled),Restore lost mileage,<₹3L
R100719,Wave 1 - Jul 2026,Tier-3,Central,Two-wheeler,3.3,Yes,1471,No,None noticed,Yes,Ineffective,No,Yes,4499,2,4,One-time payment,Not sure / still skeptical,₹10-20L
R100720,Wave 1 - Jul 2026,Tier-1,South,Two-wheeler,6.8,No,1576,Yes,10-15%,No,Ineffective,No,No,3999,3,5,One-time payment,Protect engine/seals from damage,>₹20L
R100721,Wave 1 - Jul 2026,Tier-1,South,Two-wheeler,3.2,No,1123,Yes,10-15%,Yes,Ineffective,Yes,No,3999,5,10,One-time payment,Restore lost mileage,₹3-6L
R100722,Wave 2 - Jul 2026,Metro,South,Two-wheeler,6.8,No,1800,No,None noticed,Yes,Disastrous,Yes,No,3999,2,3,One-time payment,Not sure / still skeptical,₹6-10L
R100723,Wave 1 - Jul 2026,Tier-3,South,Two-wheeler,3.5,No,1698,Yes,5-10%,No,Disastrous,No,No,3999,3,8,One-time payment,Not sure / still skeptical,₹6-10L
R100724,Wave 2 - Jul 2026,Metro,North,Two-wheeler,5.0,No,1701,Yes,10-15%,Yes,Ineffective,Yes,No,4499,5,9,No-cost EMI (installments),Protect engine/seals from damage,₹10-20L
R100725,Wave 1 - Jul 2026,Metro,North,Two-wheeler,2.0,Yes,1484,No,None noticed,Yes,Neutral/Mixed,No,No,5999,2,2,No-cost EMI (installments),Restore lost mileage,₹3-6L
R100726,Wave 2 - Jul 2026,Metro,South,Hatchback,4.0,No,5416,Yes,10-15%,No,Positive,Yes,No,3999,4,8,One-time payment,Protect engine/seals from damage,₹3-6L
R100727,Wave 1 - Jul 2026,Metro,West,Two-wheeler,2.0,Yes,1899,No,None noticed,Yes,Positive,No,No,5999,1,0,No-cost EMI (installments),Save money long-term vs additives,₹10-20L
R100728,Wave 1 - Jul 2026,Tier-1,North,Sedan,2.5,Yes,6260,No,None noticed,No,Neutral/Mixed,No,No,4499,3,6,Subscription (device+cartridges bundled),Save money long-term vs additives,₹6-10L
R100729,Wave 2 - Jul 2026,Tier-1,South,Commercial/Fleet,2.6,No,17906,Yes,15%+,No,Neutral/Mixed,No,No,3999,5,5,One-time payment,Protect engine/seals from damage,₹6-10L
R100730,Wave 1 - Jul 2026,Tier-1,West,Two-wheeler,2.9,No,1751,Yes,15%+,No,Ineffective,No,No,4499,5,9,No-cost EMI (installments),Restore lost mileage,₹6-10L
R100731,Wave 1 - Jul 2026,Metro,West,Commercial/Fleet,6.3,No,13817,Yes,5-10%,Yes,Ineffective,Yes,No,3999,5,9,One-time payment,Protect engine/seals from damage,>₹20L
R100732,Wave 1 - Jul 2026,Metro,East,Two-wheeler,2.4,Yes,1119,No,None noticed,No,Positive,No,Yes,4499,3,4,No-cost EMI (installments),Environmental/fuel-quality concern,₹3-6L
R100733,Wave 2 - Jul 2026,Tier-1,East,Two-wheeler,3.7,No,1379,No,None noticed,Yes,Neutral/Mixed,No,No,4499,4,6,No-cost EMI (installments),Restore lost mileage,>₹20L
R100734,Wave 2 - Jul 2026,Metro,West,Sedan,6.8,No,2972,Yes,10-15%,Yes,Disastrous,No,No,4499,5,10,One-time payment,Restore lost mileage,₹6-10L
R100735,Wave 1 - Jul 2026,Tier-2,North,Sedan,4.9,No,7144,Yes,10-15%,No,Disastrous,No,No,5999,3,4,No-cost EMI (installments),Environmental/fuel-quality concern,₹10-20L
R100736,Wave 1 - Jul 2026,Metro,South,SUV,0.7,Yes,5989,No,None noticed,No,Ineffective,Yes,No,3999,1,0,No-cost EMI (installments),Restore lost mileage,<₹3L
R100737,Wave 1 - Jul 2026,Tier-1,West,Two-wheeler,1.0,Yes,1215,No,None noticed,No,Neutral/Mixed,No,No,5999,1,0,No-cost EMI (installments),Protect engine/seals from damage,₹6-10L
R100738,Wave 1 - Jul 2026,Tier-1,South,Sedan,4.4,No,5454,Yes,10-15%,Yes,Ineffective,No,No,3999,5,10,No-cost EMI (installments),Restore lost mileage,₹10-20L
R100739,Wave 1 - Jul 2026,Tier-1,North,Two-wheeler,2.3,Yes,1415,Yes,0-5%,No,Ineffective,No,Yes,3999,4,9,One-time payment,Protect engine/seals from damage,₹10-20L
R100740,Wave 1 - Jul 2026,Metro,North,Two-wheeler,0.8,No,1265,No,None noticed,No,Ineffective,Yes,No,3999,1,0,One-time payment,Not sure / still skeptical,<₹3L
R100741,Wave 1 - Jul 2026,Metro,South,Two-wheeler,2.2,Yes,1374,No,None noticed,No,Neutral/Mixed,No,No,5999,1,1,Subscription (device+cartridges bundled),Not sure / still skeptical,₹6-10L
R100742,Wave 1 - Jul 2026,Tier-3,South,Commercial/Fleet,4.5,No,18191,Yes,5-10%,No,Disastrous,No,No,5999,5,9,One-time payment,Restore lost mileage,<₹3L
R100743,Wave 1 - Jul 2026,Metro,North,Two-wheeler,2.6,Yes,1225,No,None noticed,Yes,Ineffective,No,No,5999,4,6,One-time payment,Protect engine/seals from damage,₹3-6L
R100744,Wave 1 - Jul 2026,Tier-1,East,SUV,3.5,No,6425,Yes,10-15%,No,Disastrous,No,No,5999,3,4,One-time payment,Restore lost mileage,₹10-20L
R100745,Wave 1 - Jul 2026,Tier-1,Central,Hatchback,2.8,Yes,5472,Yes,0-5%,Yes,Disastrous,No,No,4499,5,9,Subscription (device+cartridges bundled),Save money long-term vs additives,>₹20L
R100746,Wave 1 - Jul 2026,Tier-1,North,Sedan,1.9,Yes,2382,Yes,0-5%,No,Ineffective,Yes,No,5999,4,8,One-time payment,Not sure / still skeptical,₹6-10L
R100747,Wave 2 - Jul 2026,Tier-1,Central,Sedan,3.9,Yes,5466,Yes,0-5%,Yes,Ineffective,No,No,5999,4,7,One-time payment,Protect engine/seals from damage,<₹3L
R100748,Wave 1 - Jul 2026,Tier-2,North,SUV,0.7,Yes,7123,No,None noticed,No,Positive,No,No,5999,1,0,No-cost EMI (installments),Environmental/fuel-quality concern,₹3-6L
R100749,Wave 1 - Jul 2026,Tier-3,Central,Two-wheeler,1.8,Yes,1564,No,None noticed,No,Neutral/Mixed,No,No,4499,1,0,No-cost EMI (installments),Not sure / still skeptical,₹3-6L
R100750,Wave 2 - Jul 2026,Metro,Central,Two-wheeler,5.6,No,830,Yes,10-15%,Yes,Ineffective,Yes,No,5999,5,7,No-cost EMI (installments),Restore lost mileage,₹3-6L
R100751,Wave 1 - Jul 2026,Tier-1,North,Hatchback,1.0,Yes,3612,No,None noticed,No,Ineffective,No,No,3999,4,7,Subscription (device+cartridges bundled),Restore lost mileage,₹10-20L
R100752,Wave 1 - Jul 2026,Metro,East,Two-wheeler,3.3,No,1360,Yes,10-15%,Yes,Disastrous,No,Yes,5999,4,7,One-time payment,Environmental/fuel-quality concern,₹3-6L
R100753,Wave 2 - Jul 2026,Tier-1,Central,Two-wheeler,2.4,Yes,1819,No,None noticed,No,Neutral/Mixed,No,No,5999,2,5,No-cost EMI (installments),Protect engine/seals from damage,₹3-6L
R100754,Wave 2 - Jul 2026,Tier-2,Central,Two-wheeler,2.3,Yes,1530,No,None noticed,No,Neutral/Mixed,Yes,No,4499,2,4,No-cost EMI (installments),Restore lost mileage,₹10-20L
R100755,Wave 2 - Jul 2026,Metro,Central,Two-wheeler,5.9,Yes,936,No,None noticed,Yes,Positive,No,No,3999,2,1,One-time payment,Environmental/fuel-quality concern,₹3-6L
R100756,Wave 2 - Jul 2026,Tier-1,West,Two-wheeler,6.7,No,1209,Yes,10-15%,Yes,Disastrous,Yes,Yes,3999,5,9,No-cost EMI (installments),Protect engine/seals from damage,₹6-10L
R100757,Wave 2 - Jul 2026,Tier-3,North,Two-wheeler,1.4,Yes,1747,Yes,10-15%,No,Neutral/Mixed,No,No,5999,1,0,No-cost EMI (installments),Not sure / still skeptical,₹6-10L
R100758,Wave 1 - Jul 2026,Metro,East,Commercial/Fleet,3.0,No,12280,No,None noticed,No,Ineffective,No,No,5999,5,9,One-time payment,Restore lost mileage,<₹3L
R100759,Wave 1 - Jul 2026,Tier-1,West,Two-wheeler,0.6,Yes,1369,No,None noticed,No,Neutral/Mixed,No,No,5999,3,4,One-time payment,Environmental/fuel-quality concern,₹6-10L
R100760,Wave 1 - Jul 2026,Tier-2,West,Commercial/Fleet,5.7,No,18453,Yes,5-10%,Yes,Ineffective,Yes,Yes,5999,5,9,One-time payment,Restore lost mileage,₹6-10L
R100761,Wave 1 - Jul 2026,Metro,South,Commercial/Fleet,3.2,No,16502,Yes,10-15%,No,Ineffective,No,No,4499,5,10,Subscription (device+cartridges bundled),Environmental/fuel-quality concern,₹6-10L
R100762,Wave 2 - Jul 2026,Metro,West,Two-wheeler,0.9,Yes,2457,No,None noticed,No,Positive,Yes,No,5999,2,2,One-time payment,Protect engine/seals from damage,₹3-6L
R100763,Wave 1 - Jul 2026,Metro,North,Sedan,1.8,Yes,5130,No,None noticed,No,Positive,Yes,No,3999,4,7,Subscription (device+cartridges bundled),Restore lost mileage,₹3-6L
R100764,Wave 2 - Jul 2026,Tier-3,West,Hatchback,1.3,Yes,4729,No,None noticed,No,Ineffective,Yes,No,3999,2,0,One-time payment,Environmental/fuel-quality concern,₹6-10L
R100765,Wave 1 - Jul 2026,Metro,North,Sedan,1.7,Yes,4556,No,None noticed,No,Positive,No,No,4499,2,3,Subscription (device+cartridges bundled),Protect engine/seals from damage,<₹3L
R100766,Wave 1 - Jul 2026,Metro,West,Two-wheeler,0.6,Yes,1607,No,None noticed,No,Positive,No,No,3999,2,4,No-cost EMI (installments),Environmental/fuel-quality concern,<₹3L
R100767,Wave 2 - Jul 2026,Metro,East,Two-wheeler,7.8,No,1741,Yes,5-10%,Yes,Disastrous,Yes,No,4499,4,6,One-time payment,Restore lost mileage,₹3-6L
R100768,Wave 1 - Jul 2026,Metro,South,Two-wheeler,1.5,Yes,1170,Yes,0-5%,No,Disastrous,No,No,5999,4,6,One-time payment,Protect engine/seals from damage,<₹3L
R100769,Wave 1 - Jul 2026,Tier-2,West,Hatchback,3.3,Yes,4136,Yes,0-5%,Yes,Disastrous,Yes,No,3999,5,10,No-cost EMI (installments),Restore lost mileage,<₹3L
R100770,Wave 1 - Jul 2026,Metro,South,Commercial/Fleet,4.4,No,13862,Yes,10-15%,No,Neutral/Mixed,No,No,5999,4,7,One-time payment,Protect engine/seals from damage,>₹20L
R100771,Wave 1 - Jul 2026,Tier-2,Central,Sedan,6.7,No,3941,Yes,15%+,Yes,Positive,Yes,No,3999,4,8,One-time payment,Restore lost mileage,₹6-10L
R100772,Wave 1 - Jul 2026,Tier-2,West,Sedan,3.4,Yes,7484,No,None noticed,No,Positive,No,No,5999,1,0,No-cost EMI (installments),Environmental/fuel-quality concern,₹6-10L
R100773,Wave 2 - Jul 2026,Tier-3,South,Commercial/Fleet,2.7,No,15630,Yes,15%+,No,Disastrous,No,No,3999,5,10,Subscription (device+cartridges bundled),Restore lost mileage,₹3-6L
R100774,Wave 2 - Jul 2026,Metro,North,Sedan,3.5,No,1880,Yes,10-15%,No,Disastrous,No,No,5999,5,8,No-cost EMI (installments),Save money long-term vs additives,<₹3L
R100775,Wave 2 - Jul 2026,Tier-3,North,Two-wheeler,1.4,Yes,2092,No,None noticed,No,Neutral/Mixed,No,No,4499,1,3,Subscription (device+cartridges bundled),Not sure / still skeptical,₹10-20L
R100776,Wave 2 - Jul 2026,Tier-2,South,SUV,1.5,Yes,6358,No,None noticed,No,Neutral/Mixed,No,Yes,4499,5,10,No-cost EMI (installments),Restore lost mileage,₹10-20L
R100777,Wave 2 - Jul 2026,Metro,Central,Two-wheeler,2.7,No,1303,Yes,15%+,No,Disastrous,No,Yes,3999,5,10,No-cost EMI (installments),Restore lost mileage,>₹20L
R100778,Wave 1 - Jul 2026,Tier-2,West,Two-wheeler,0.4,No,2043,Yes,5-10%,No,Disastrous,No,No,3999,4,6,One-time payment,Restore lost mileage,<₹3L
R100779,Wave 2 - Jul 2026,Tier-3,North,Hatchback,2.0,Yes,4033,No,None noticed,No,Ineffective,No,No,4499,5,10,No-cost EMI (installments),Restore lost mileage,₹3-6L
R100780,Wave 2 - Jul 2026,Metro,East,Commercial/Fleet,2.3,Yes,17654,No,None noticed,Yes,Disastrous,Yes,Yes,3999,5,10,No-cost EMI (installments),Protect engine/seals from damage,₹10-20L
R100781,Wave 1 - Jul 2026,Tier-3,South,Two-wheeler,10.3,No,919,Yes,15%+,Yes,Ineffective,No,No,3999,4,4,No-cost EMI (installments),Protect engine/seals from damage,₹3-6L
R100782,Wave 1 - Jul 2026,Tier-1,East,Hatchback,7.3,No,2277,Yes,10-15%,Yes,Disastrous,No,No,5999,2,0,Subscription (device+cartridges bundled),Not sure / still skeptical,<₹3L
R100783,Wave 2 - Jul 2026,Tier-2,South,Two-wheeler,4.4,No,1335,Yes,15%+,No,Ineffective,No,No,3999,5,10,One-time payment,Save money long-term vs additives,₹3-6L
R100784,Wave 2 - Jul 2026,Tier-3,West,Two-wheeler,5.8,No,1542,Yes,10-15%,No,Ineffective,No,No,3999,4,7,No-cost EMI (installments),Restore lost mileage,<₹3L
R100785,Wave 2 - Jul 2026,Tier-1,Central,Two-wheeler,1.5,Yes,1520,No,None noticed,No,Positive,No,No,4499,2,2,No-cost EMI (installments),Protect engine/seals from damage,₹10-20L
R100786,Wave 1 - Jul 2026,Tier-2,South,Sedan,3.6,No,5018,No,None noticed,No,Positive,No,Yes,4499,2,4,One-time payment,Restore lost mileage,₹10-20L
R100787,Wave 2 - Jul 2026,Tier-1,West,SUV,5.3,No,8247,Yes,10-15%,Yes,Ineffective,No,No,4499,4,6,One-time payment,Restore lost mileage,₹6-10L
R100788,Wave 1 - Jul 2026,Tier-2,Central,Two-wheeler,1.5,Yes,680,No,None noticed,No,Positive,No,No,4499,1,0,Subscription (device+cartridges bundled),Not sure / still skeptical,₹3-6L
R100789,Wave 2 - Jul 2026,Tier-2,North,Two-wheeler,1.0,No,1580,No,None noticed,Yes,Neutral/Mixed,No,No,4499,4,6,One-time payment,Restore lost mileage,₹10-20L
R100790,Wave 2 - Jul 2026,Metro,North,Two-wheeler,4.1,No,1463,Yes,15%+,Yes,Ineffective,Yes,No,4499,4,8,No-cost EMI (installments),Restore lost mileage,₹6-10L
R100791,Wave 2 - Jul 2026,Tier-1,West,Two-wheeler,1.1,Yes,2174,No,None noticed,No,Neutral/Mixed,No,No,4499,2,0,No-cost EMI (installments),Restore lost mileage,₹10-20L
R100792,Wave 2 - Jul 2026,Tier-1,South,Hatchback,4.7,No,4209,Yes,10-15%,No,Ineffective,Yes,Yes,3999,3,4,No-cost EMI (installments),Save money long-term vs additives,₹6-10L
R100793,Wave 1 - Jul 2026,Metro,North,Sedan,6.6,Yes,4269,Yes,5-10%,No,Ineffective,Yes,No,5999,4,5,No-cost EMI (installments),Restore lost mileage,>₹20L
R100794,Wave 2 - Jul 2026,Metro,South,Hatchback,1.6,Yes,4140,No,None noticed,No,Neutral/Mixed,Yes,No,3999,1,0,One-time payment,Not sure / still skeptical,₹3-6L
R100795,Wave 2 - Jul 2026,Tier-1,East,Two-wheeler,1.7,Yes,1272,No,None noticed,No,Ineffective,No,No,5999,3,6,No-cost EMI (installments),Protect engine/seals from damage,₹6-10L
R100796,Wave 1 - Jul 2026,Metro,South,Hatchback,6.5,No,4711,No,None noticed,Yes,Ineffective,Yes,No,4499,3,6,No-cost EMI (installments),Protect engine/seals from damage,₹10-20L
R100797,Wave 1 - Jul 2026,Metro,South,Two-wheeler,3.4,No,1411,Yes,15%+,No,Ineffective,Yes,No,4499,4,6,One-time payment,Protect engine/seals from damage,₹10-20L
R100798,Wave 2 - Jul 2026,Tier-2,East,Two-wheeler,5.9,No,906,Yes,10-15%,Yes,Ineffective,Yes,No,4499,5,10,No-cost EMI (installments),Protect engine/seals from damage,>₹20L
R100799,Wave 1 - Jul 2026,Tier-2,West,Commercial/Fleet,2.8,No,10027,Yes,10-15%,Yes,Disastrous,Yes,No,5999,5,9,No-cost EMI (installments),Restore lost mileage,₹3-6L
R100800,Wave 1 - Jul 2026,Tier-2,East,Sedan,2.9,No,6227,Yes,15%+,No,Disastrous,No,No,4499,4,9,One-time payment,Protect engine/seals from damage,₹6-10L
R100801,Wave 1 - Jul 2026,Tier-1,South,Commercial/Fleet,3.4,No,25665,No,None noticed,Yes,Ineffective,Yes,No,4499,5,9,Subscription (device+cartridges bundled),Restore lost mileage,₹3-6L
R100802,Wave 1 - Jul 2026,Tier-3,Central,Commercial/Fleet,9.0,No,18911,No,None noticed,No,Neutral/Mixed,No,No,5999,2,0,Subscription (device+cartridges bundled),Save money long-term vs additives,₹6-10L
R100803,Wave 1 - Jul 2026,Tier-2,West,Hatchback,5.6,No,5156,No,None noticed,No,Neutral/Mixed,No,Yes,4499,4,8,No-cost EMI (installments),Restore lost mileage,₹3-6L
R100804,Wave 2 - Jul 2026,Metro,North,Commercial/Fleet,1.9,Yes,23746,Yes,5-10%,No,Disastrous,No,Yes,4499,5,9,One-time payment,Protect engine/seals from damage,₹6-10L
R100805,Wave 1 - Jul 2026,Metro,Central,Two-wheeler,3.8,No,1505,Yes,15%+,Yes,Disastrous,Yes,No,3999,5,9,Subscription (device+cartridges bundled),Protect engine/seals from damage,>₹20L
R100806,Wave 2 - Jul 2026,Tier-2,South,Two-wheeler,2.6,No,1081,Yes,10-15%,Yes,Disastrous,No,Yes,3999,2,3,No-cost EMI (installments),Not sure / still skeptical,₹10-20L
R100807,Wave 1 - Jul 2026,Metro,North,Two-wheeler,2.3,Yes,1477,No,None noticed,Yes,Ineffective,Yes,No,5999,2,0,Subscription (device+cartridges bundled),Not sure / still skeptical,₹6-10L
R100808,Wave 2 - Jul 2026,Tier-1,North,Two-wheeler,4.6,No,1873,Yes,10-15%,Yes,Disastrous,No,No,3999,4,7,One-time payment,Protect engine/seals from damage,₹3-6L
R100809,Wave 1 - Jul 2026,Tier-3,West,Two-wheeler,4.0,No,1608,Yes,10-15%,No,Ineffective,Yes,No,3999,5,10,One-time payment,Save money long-term vs additives,₹3-6L
R100810,Wave 2 - Jul 2026,Metro,North,Two-wheeler,1.6,Yes,1693,No,None noticed,No,Neutral/Mixed,No,No,3999,3,5,No-cost EMI (installments),Protect engine/seals from damage,₹3-6L
R100811,Wave 2 - Jul 2026,Metro,South,Sedan,3.4,No,5049,Yes,15%+,Yes,Neutral/Mixed,No,No,5999,4,6,Subscription (device+cartridges bundled),Protect engine/seals from damage,<₹3L
R100812,Wave 2 - Jul 2026,Tier-3,North,SUV,2.2,No,7735,No,None noticed,No,Neutral/Mixed,No,No,4499,1,1,One-time payment,Not sure / still skeptical,₹10-20L
R100813,Wave 1 - Jul 2026,Tier-2,South,Hatchback,4.4,No,4060,Yes,10-15%,No,Disastrous,Yes,No,4499,5,8,One-time payment,Restore lost mileage,₹6-10L
R100814,Wave 1 - Jul 2026,Metro,South,Two-wheeler,2.1,Yes,1380,Yes,5-10%,No,Disastrous,No,No,5999,4,6,No-cost EMI (installments),Restore lost mileage,<₹3L
R100815,Wave 1 - Jul 2026,Tier-3,West,Sedan,2.9,No,7697,Yes,10-15%,Yes,Ineffective,No,No,4499,5,9,Subscription (device+cartridges bundled),Protect engine/seals from damage,₹10-20L
R100816,Wave 1 - Jul 2026,Tier-3,South,Two-wheeler,2.3,Yes,480,No,None noticed,No,Ineffective,No,No,5999,2,3,No-cost EMI (installments),Restore lost mileage,<₹3L
R100817,Wave 1 - Jul 2026,Tier-1,North,Two-wheeler,0.7,Yes,1412,Yes,0-5%,No,Positive,No,Yes,5999,3,4,Subscription (device+cartridges bundled),Restore lost mileage,₹3-6L
R100818,Wave 2 - Jul 2026,Tier-2,West,Two-wheeler,8.7,No,1369,No,None noticed,Yes,Ineffective,Yes,No,4499,3,6,No-cost EMI (installments),Environmental/fuel-quality concern,₹3-6L
R100819,Wave 1 - Jul 2026,Metro,South,Two-wheeler,3.3,Yes,862,Yes,5-10%,No,Disastrous,No,No,5999,5,10,Subscription (device+cartridges bundled),Protect engine/seals from damage,₹3-6L
R100820,Wave 1 - Jul 2026,Metro,West,Two-wheeler,8.9,No,1663,No,None noticed,No,Ineffective,No,No,5999,3,5,No-cost EMI (installments),Restore lost mileage,₹6-10L
R100821,Wave 1 - Jul 2026,Tier-2,North,SUV,3.5,No,6537,Yes,10-15%,No,Neutral/Mixed,No,No,3999,5,10,One-time payment,Restore lost mileage,₹10-20L
R100822,Wave 1 - Jul 2026,Tier-1,North,Sedan,5.2,No,5220,Yes,10-15%,No,Positive,No,No,3999,4,8,No-cost EMI (installments),Environmental/fuel-quality concern,₹6-10L
R100823,Wave 2 - Jul 2026,Tier-2,South,Sedan,2.0,Yes,8802,No,None noticed,No,Positive,No,No,5999,2,3,No-cost EMI (installments),Not sure / still skeptical,₹10-20L
R100824,Wave 1 - Jul 2026,Tier-3,South,Two-wheeler,2.1,Yes,1796,No,None noticed,Yes,Ineffective,Yes,No,4499,4,5,No-cost EMI (installments),Protect engine/seals from damage,₹10-20L
R100825,Wave 1 - Jul 2026,Metro,South,SUV,3.2,No,9519,Yes,10-15%,No,Neutral/Mixed,No,No,4499,5,10,One-time payment,Restore lost mileage,₹10-20L
R100826,Wave 1 - Jul 2026,Tier-2,East,Sedan,8.9,Yes,6418,Yes,5-10%,Yes,Disastrous,Yes,No,3999,5,9,No-cost EMI (installments),Restore lost mileage,>₹20L
R100827,Wave 2 - Jul 2026,Metro,South,Two-wheeler,1.6,Yes,1335,No,None noticed,No,Neutral/Mixed,No,No,5999,1,1,No-cost EMI (installments),Environmental/fuel-quality concern,>₹20L
R100828,Wave 2 - Jul 2026,Tier-3,West,Hatchback,0.6,Yes,6551,No,None noticed,No,Neutral/Mixed,No,No,5999,1,0,No-cost EMI (installments),Not sure / still skeptical,₹10-20L
R100829,Wave 1 - Jul 2026,Metro,West,Hatchback,6.4,No,5143,Yes,10-15%,Yes,Positive,No,No,5999,5,7,Subscription (device+cartridges bundled),Protect engine/seals from damage,₹3-6L
R100830,Wave 1 - Jul 2026,Tier-2,North,Two-wheeler,5.4,No,1106,Yes,15%+,Yes,Disastrous,Yes,No,4499,4,4,One-time payment,Save money long-term vs additives,₹3-6L
R100831,Wave 2 - Jul 2026,Tier-2,West,Two-wheeler,2.4,Yes,851,No,None noticed,No,Neutral/Mixed,No,No,5999,1,0,One-time payment,Environmental/fuel-quality concern,₹10-20L
R100832,Wave 2 - Jul 2026,Tier-1,South,Hatchback,11.1,No,4867,Yes,10-15%,No,Disastrous,Yes,No,4499,5,10,One-time payment,Save money long-term vs additives,₹10-20L
R100833,Wave 1 - Jul 2026,Tier-2,South,Two-wheeler,11.3,No,1378,No,None noticed,Yes,Ineffective,No,No,4499,2,4,No-cost EMI (installments),Save money long-term vs additives,₹10-20L
R100834,Wave 1 - Jul 2026,Tier-2,North,Two-wheeler,0.7,No,840,Yes,0-5%,Yes,Disastrous,No,No,5999,5,10,One-time payment,Restore lost mileage,₹6-10L
R100835,Wave 1 - Jul 2026,Tier-2,East,Two-wheeler,2.0,No,1568,No,None noticed,No,Positive,No,No,4499,4,6,No-cost EMI (installments),Protect engine/seals from damage,₹10-20L
R100836,Wave 2 - Jul 2026,Tier-2,Central,Commercial/Fleet,3.2,No,17106,Yes,15%+,No,Disastrous,No,No,4499,5,8,No-cost EMI (installments),Protect engine/seals from damage,₹10-20L
R100837,Wave 1 - Jul 2026,Tier-3,North,Two-wheeler,4.3,No,1608,Yes,10-15%,Yes,Ineffective,No,No,3999,5,10,One-time payment,Save money long-term vs additives,₹6-10L
R100838,Wave 2 - Jul 2026,Tier-1,West,Two-wheeler,3.9,Yes,1573,No,None noticed,Yes,Disastrous,No,No,4499,5,7,Subscription (device+cartridges bundled),Protect engine/seals from damage,<₹3L
R100839,Wave 2 - Jul 2026,Tier-1,East,Two-wheeler,3.3,No,1162,Yes,10-15%,Yes,Disastrous,Yes,No,5999,5,10,Subscription (device+cartridges bundled),Environmental/fuel-quality concern,₹6-10L
R100840,Wave 2 - Jul 2026,Metro,South,SUV,1.4,Yes,9653,No,None noticed,Yes,Disastrous,Yes,No,3999,4,9,One-time payment,Protect engine/seals from damage,<₹3L
R100841,Wave 2 - Jul 2026,Tier-2,East,Hatchback,4.7,No,3614,Yes,10-15%,Yes,Disastrous,No,No,5999,5,10,One-time payment,Restore lost mileage,<₹3L
R100842,Wave 1 - Jul 2026,Tier-1,West,Commercial/Fleet,4.9,No,16258,Yes,10-15%,Yes,Disastrous,No,No,3999,5,10,One-time payment,Restore lost mileage,₹6-10L
R100843,Wave 2 - Jul 2026,Tier-1,Central,Two-wheeler,6.1,No,1191,Yes,5-10%,No,Ineffective,Yes,No,3999,5,9,No-cost EMI (installments),Restore lost mileage,<₹3L
R100844,Wave 2 - Jul 2026,Metro,Central,Two-wheeler,1.3,Yes,1843,No,None noticed,No,Positive,No,No,5999,3,5,No-cost EMI (installments),Environmental/fuel-quality concern,₹10-20L
R100845,Wave 2 - Jul 2026,Tier-3,North,Hatchback,2.8,Yes,3870,Yes,0-5%,Yes,Disastrous,No,No,3999,2,3,No-cost EMI (installments),Restore lost mileage,₹6-10L
R100846,Wave 1 - Jul 2026,Tier-1,South,Two-wheeler,2.3,Yes,1938,No,None noticed,No,Neutral/Mixed,No,No,5999,1,0,No-cost EMI (installments),Environmental/fuel-quality concern,₹6-10L
R100847,Wave 1 - Jul 2026,Tier-2,West,SUV,1.2,No,12295,No,None noticed,No,Positive,No,No,5999,2,1,No-cost EMI (installments),Protect engine/seals from damage,₹3-6L
R100848,Wave 2 - Jul 2026,Metro,North,SUV,2.8,No,6504,Yes,10-15%,Yes,Disastrous,No,No,4499,5,9,One-time payment,Protect engine/seals from damage,₹10-20L
R100849,Wave 1 - Jul 2026,Tier-3,South,Hatchback,1.5,Yes,765,Yes,5-10%,No,Neutral/Mixed,No,No,4499,1,0,One-time payment,Not sure / still skeptical,₹6-10L
R100850,Wave 2 - Jul 2026,Metro,Central,Commercial/Fleet,1.1,No,23911,No,None noticed,No,Positive,No,No,3999,4,9,One-time payment,Save money long-term vs additives,₹6-10L
R100851,Wave 1 - Jul 2026,Metro,North,Hatchback,5.4,No,3798,No,None noticed,Yes,Neutral/Mixed,No,No,5999,2,1,No-cost EMI (installments),Save money long-term vs additives,₹6-10L
R100852,Wave 1 - Jul 2026,Tier-3,South,Two-wheeler,2.4,Yes,1060,No,None noticed,No,Neutral/Mixed,No,Yes,3999,1,0,No-cost EMI (installments),Not sure / still skeptical,₹6-10L
R100853,Wave 2 - Jul 2026,Tier-3,East,Hatchback,1.9,Yes,3508,Yes,0-5%,Yes,Ineffective,No,No,5999,3,6,No-cost EMI (installments),Restore lost mileage,₹6-10L
R100854,Wave 2 - Jul 2026,Metro,South,Two-wheeler,7.1,No,1237,No,None noticed,Yes,Ineffective,No,No,5999,3,6,No-cost EMI (installments),Not sure / still skeptical,₹10-20L
R100855,Wave 1 - Jul 2026,Tier-1,South,SUV,5.0,Yes,11178,No,None noticed,No,Neutral/Mixed,No,No,3999,4,7,One-time payment,Restore lost mileage,₹10-20L
R100856,Wave 1 - Jul 2026,Tier-2,Central,Two-wheeler,0.5,No,1463,Yes,10-15%,No,Positive,No,Yes,5999,2,3,One-time payment,Not sure / still skeptical,₹3-6L
R100857,Wave 1 - Jul 2026,Tier-3,South,Two-wheeler,4.4,No,1903,Yes,10-15%,No,Disastrous,Yes,No,4499,5,8,One-time payment,Save money long-term vs additives,>₹20L
R100858,Wave 1 - Jul 2026,Tier-1,North,Hatchback,4.4,No,4781,Yes,10-15%,Yes,Ineffective,No,No,4499,5,10,One-time payment,Protect engine/seals from damage,₹3-6L
R100859,Wave 1 - Jul 2026,Tier-1,North,Two-wheeler,2.7,No,1279,Yes,10-15%,No,Ineffective,No,Yes,3999,3,6,One-time payment,Environmental/fuel-quality concern,₹3-6L
R100860,Wave 1 - Jul 2026,Tier-2,Central,Two-wheeler,2.7,No,1247,Yes,10-15%,Yes,Disastrous,Yes,No,5999,3,2,No-cost EMI (installments),Protect engine/seals from damage,₹3-6L
R100861,Wave 1 - Jul 2026,Tier-2,South,Sedan,0.8,Yes,6712,Yes,0-5%,No,Ineffective,No,No,3999,4,9,No-cost EMI (installments),Restore lost mileage,₹3-6L
R100862,Wave 1 - Jul 2026,Tier-2,West,Two-wheeler,11.0,No,1722,Yes,10-15%,No,Neutral/Mixed,No,Yes,5999,4,6,One-time payment,Protect engine/seals from damage,₹3-6L
R100863,Wave 2 - Jul 2026,Tier-2,North,Hatchback,2.8,No,5372,Yes,10-15%,Yes,Ineffective,No,Yes,4499,4,8,One-time payment,Restore lost mileage,₹10-20L
R100864,Wave 2 - Jul 2026,Metro,South,Two-wheeler,4.2,No,1297,No,None noticed,Yes,Neutral/Mixed,Yes,No,4499,3,5,One-time payment,Environmental/fuel-quality concern,₹6-10L
R100865,Wave 1 - Jul 2026,Tier-3,Central,Two-wheeler,2.9,Yes,1469,Yes,0-5%,No,Disastrous,No,No,5999,4,7,One-time payment,Protect engine/seals from damage,>₹20L
R100866,Wave 2 - Jul 2026,Tier-3,West,Two-wheeler,1.9,No,1629,No,None noticed,No,Positive,No,No,5999,4,7,One-time payment,Environmental/fuel-quality concern,<₹3L
R100867,Wave 1 - Jul 2026,Tier-2,Central,Sedan,5.7,No,5176,Yes,10-15%,Yes,Ineffective,No,No,4499,5,8,One-time payment,Save money long-term vs additives,₹6-10L
R100868,Wave 1 - Jul 2026,Metro,South,Commercial/Fleet,3.7,Yes,12621,No,None noticed,Yes,Neutral/Mixed,No,No,4499,4,8,One-time payment,Restore lost mileage,<₹3L
R100869,Wave 1 - Jul 2026,Metro,West,Two-wheeler,2.8,No,1084,No,None noticed,Yes,Disastrous,No,No,4499,5,9,Subscription (device+cartridges bundled),Restore lost mileage,₹6-10L
R100870,Wave 2 - Jul 2026,Tier-2,East,Commercial/Fleet,4.2,No,17251,Yes,10-15%,Yes,Disastrous,No,No,4499,5,7,One-time payment,Restore lost mileage,₹3-6L
R100871,Wave 1 - Jul 2026,Metro,South,Hatchback,3.1,No,4979,Yes,10-15%,Yes,Neutral/Mixed,Yes,No,5999,3,3,One-time payment,Restore lost mileage,₹6-10L
R100872,Wave 1 - Jul 2026,Tier-3,South,Hatchback,9.3,No,5681,Yes,10-15%,Yes,Disastrous,Yes,Yes,3999,4,5,One-time payment,Save money long-term vs additives,₹10-20L
R100873,Wave 2 - Jul 2026,Tier-1,East,Sedan,5.6,No,3598,Yes,10-15%,No,Ineffective,No,No,4499,5,9,One-time payment,Protect engine/seals from damage,₹3-6L
R100874,Wave 2 - Jul 2026,Tier-2,South,Sedan,4.6,No,4830,Yes,10-15%,Yes,Ineffective,No,No,5999,4,8,No-cost EMI (installments),Save money long-term vs additives,₹3-6L
R100875,Wave 2 - Jul 2026,Tier-3,West,SUV,0.9,Yes,7378,Yes,0-5%,No,Ineffective,No,No,4499,3,4,One-time payment,Protect engine/seals from damage,₹6-10L
R100876,Wave 2 - Jul 2026,Tier-1,Central,Hatchback,4.8,No,5135,Yes,10-15%,Yes,Neutral/Mixed,No,No,5999,4,8,Subscription (device+cartridges bundled),Save money long-term vs additives,₹3-6L
R100877,Wave 2 - Jul 2026,Tier-1,North,Hatchback,4.7,No,3579,Yes,5-10%,No,Ineffective,Yes,No,3999,4,7,Subscription (device+cartridges bundled),Protect engine/seals from damage,₹6-10L
R100878,Wave 1 - Jul 2026,Tier-2,South,Two-wheeler,1.5,No,1232,No,None noticed,No,Positive,No,No,3999,1,0,No-cost EMI (installments),Not sure / still skeptical,₹6-10L
R100879,Wave 2 - Jul 2026,Tier-2,North,Two-wheeler,0.9,Yes,846,No,None noticed,No,Neutral/Mixed,No,No,4499,1,0,One-time payment,Not sure / still skeptical,₹10-20L
R100880,Wave 1 - Jul 2026,Tier-1,South,Sedan,5.4,No,6585,Yes,10-15%,No,Ineffective,No,No,4499,5,10,No-cost EMI (installments),Protect engine/seals from damage,>₹20L
R100881,Wave 1 - Jul 2026,Tier-2,North,Two-wheeler,5.9,No,1337,Yes,10-15%,No,Neutral/Mixed,No,No,5999,4,5,No-cost EMI (installments),Restore lost mileage,₹3-6L
R100882,Wave 2 - Jul 2026,Tier-3,West,Two-wheeler,2.1,Yes,1144,No,None noticed,No,Neutral/Mixed,Yes,No,4499,3,7,No-cost EMI (installments),Environmental/fuel-quality concern,₹10-20L
R100883,Wave 1 - Jul 2026,Tier-1,North,Two-wheeler,2.0,Yes,1298,Yes,5-10%,No,Disastrous,Yes,Yes,3999,5,10,One-time payment,Restore lost mileage,₹10-20L
R100884,Wave 1 - Jul 2026,Metro,West,Two-wheeler,3.6,No,1842,Yes,10-15%,No,Disastrous,Yes,No,3999,5,9,No-cost EMI (installments),Restore lost mileage,₹3-6L
R100885,Wave 1 - Jul 2026,Tier-1,South,Hatchback,2.4,Yes,3018,No,None noticed,No,Neutral/Mixed,No,No,4499,2,4,One-time payment,Environmental/fuel-quality concern,₹10-20L
R100886,Wave 2 - Jul 2026,Tier-1,South,Hatchback,0.9,Yes,3210,No,None noticed,No,Positive,No,No,4499,1,0,No-cost EMI (installments),Environmental/fuel-quality concern,₹6-10L
R100887,Wave 2 - Jul 2026,Metro,South,Two-wheeler,1.5,No,1891,No,None noticed,No,Neutral/Mixed,No,Yes,3999,1,0,One-time payment,Protect engine/seals from damage,₹10-20L
R100888,Wave 1 - Jul 2026,Metro,West,Two-wheeler,4.1,No,1430,Yes,10-15%,Yes,Ineffective,No,No,4499,4,6,One-time payment,Restore lost mileage,₹10-20L
R100889,Wave 1 - Jul 2026,Tier-2,South,Two-wheeler,1.6,Yes,1663,No,None noticed,No,Positive,Yes,No,5999,3,6,No-cost EMI (installments),Environmental/fuel-quality concern,₹10-20L
R100890,Wave 2 - Jul 2026,Tier-1,South,Two-wheeler,6.1,No,1557,Yes,15%+,Yes,Disastrous,No,No,4499,5,8,No-cost EMI (installments),Protect engine/seals from damage,₹10-20L
R100891,Wave 2 - Jul 2026,Tier-3,East,Sedan,4.6,No,5743,Yes,15%+,No,Ineffective,Yes,No,4499,3,5,One-time payment,Not sure / still skeptical,₹10-20L
R100892,Wave 1 - Jul 2026,Metro,West,Hatchback,4.2,Yes,3790,No,None noticed,Yes,Ineffective,No,No,3999,4,8,One-time payment,Save money long-term vs additives,₹3-6L
R100893,Wave 1 - Jul 2026,Metro,North,Hatchback,3.6,Yes,5178,Yes,10-15%,No,Disastrous,Yes,Yes,5999,4,8,Subscription (device+cartridges bundled),Protect engine/seals from damage,>₹20L
R100894,Wave 1 - Jul 2026,Tier-2,Central,Hatchback,1.9,Yes,5567,No,None noticed,No,Neutral/Mixed,No,No,3999,2,1,One-time payment,Not sure / still skeptical,₹6-10L
R100895,Wave 1 - Jul 2026,Tier-3,South,Commercial/Fleet,5.0,No,24116,Yes,5-10%,No,Ineffective,Yes,No,4499,5,10,No-cost EMI (installments),Protect engine/seals from damage,₹10-20L
R100896,Wave 2 - Jul 2026,Metro,North,Sedan,1.8,Yes,3875,No,None noticed,No,Positive,No,No,3999,4,6,One-time payment,Restore lost mileage,₹10-20L
R100897,Wave 1 - Jul 2026,Metro,South,Hatchback,6.3,No,5735,Yes,10-15%,Yes,Disastrous,No,No,3999,5,6,No-cost EMI (installments),Environmental/fuel-quality concern,₹3-6L
R100898,Wave 2 - Jul 2026,Metro,North,Hatchback,8.4,No,3779,No,None noticed,No,Disastrous,Yes,No,3999,4,6,No-cost EMI (installments),Environmental/fuel-quality concern,₹3-6L
R100899,Wave 2 - Jul 2026,Tier-1,North,Two-wheeler,3.7,No,1104,Yes,15%+,Yes,Disastrous,No,No,3999,5,10,One-time payment,Restore lost mileage,₹10-20L
R100900,Wave 2 - Jul 2026,Tier-1,East,Commercial/Fleet,7.7,Yes,17623,Yes,0-5%,No,Neutral/Mixed,No,Yes,5999,4,7,No-cost EMI (installments),Save money long-term vs additives,>₹20L
R100901,Wave 2 - Jul 2026,Metro,North,Two-wheeler,1.5,Yes,1726,No,None noticed,No,Neutral/Mixed,Yes,No,3999,2,2,One-time payment,Restore lost mileage,₹10-20L
R100902,Wave 1 - Jul 2026,Metro,East,Two-wheeler,4.7,No,1612,Yes,5-10%,No,Disastrous,Yes,No,5999,5,9,One-time payment,Save money long-term vs additives,₹6-10L
R100903,Wave 1 - Jul 2026,Tier-1,Central,Commercial/Fleet,3.3,No,17177,Yes,10-15%,Yes,Neutral/Mixed,No,Yes,4499,5,9,No-cost EMI (installments),Protect engine/seals from damage,₹3-6L
R100904,Wave 1 - Jul 2026,Tier-3,West,Sedan,5.5,No,7160,Yes,10-15%,No,Disastrous,Yes,No,3999,4,8,One-time payment,Restore lost mileage,₹6-10L
R100905,Wave 2 - Jul 2026,Tier-2,West,Two-wheeler,0.5,Yes,1455,No,None noticed,Yes,Ineffective,No,No,4499,2,0,One-time payment,Not sure / still skeptical,₹3-6L
R100906,Wave 2 - Jul 2026,Tier-1,West,Two-wheeler,5.3,No,1175,Yes,10-15%,Yes,Disastrous,No,Yes,3999,5,9,No-cost EMI (installments),Protect engine/seals from damage,₹10-20L
R100907,Wave 1 - Jul 2026,Metro,Central,Two-wheeler,2.0,Yes,1122,No,None noticed,No,Positive,No,No,5999,2,2,Subscription (device+cartridges bundled),Restore lost mileage,₹6-10L
R100908,Wave 2 - Jul 2026,Metro,South,Hatchback,3.4,Yes,4682,Yes,5-10%,No,Neutral/Mixed,No,No,3999,4,5,One-time payment,Save money long-term vs additives,₹3-6L
R100909,Wave 1 - Jul 2026,Tier-1,North,Two-wheeler,10.9,No,1368,Yes,10-15%,Yes,Disastrous,No,Yes,5999,5,7,No-cost EMI (installments),Save money long-term vs additives,₹6-10L
R100910,Wave 1 - Jul 2026,Tier-2,West,Commercial/Fleet,4.8,No,11375,Yes,15%+,Yes,Ineffective,No,No,3999,5,9,One-time payment,Protect engine/seals from damage,>₹20L
R100911,Wave 1 - Jul 2026,Tier-3,West,Commercial/Fleet,4.4,No,22888,Yes,10-15%,Yes,Ineffective,Yes,No,3999,5,9,No-cost EMI (installments),Protect engine/seals from damage,₹6-10L
R100912,Wave 2 - Jul 2026,Tier-3,North,Hatchback,4.1,No,3635,Yes,15%+,Yes,Neutral/Mixed,No,No,3999,2,2,One-time payment,Restore lost mileage,₹3-6L
R100913,Wave 1 - Jul 2026,Tier-3,West,Hatchback,6.7,No,6072,Yes,10-15%,No,Neutral/Mixed,No,No,5999,3,4,No-cost EMI (installments),Protect engine/seals from damage,₹6-10L
R100914,Wave 1 - Jul 2026,Tier-3,North,Two-wheeler,5.6,No,850,Yes,10-15%,Yes,Ineffective,Yes,No,4499,2,2,One-time payment,Not sure / still skeptical,₹6-10L
R100915,Wave 2 - Jul 2026,Tier-3,Central,Two-wheeler,4.2,No,1329,Yes,10-15%,No,Disastrous,Yes,No,5999,5,9,No-cost EMI (installments),Restore lost mileage,₹3-6L
R100916,Wave 1 - Jul 2026,Metro,South,Sedan,3.8,No,4663,Yes,10-15%,Yes,Disastrous,No,No,4499,5,10,No-cost EMI (installments),Protect engine/seals from damage,₹10-20L
R100917,Wave 1 - Jul 2026,Metro,North,Two-wheeler,3.6,No,1018,Yes,10-15%,No,Positive,Yes,No,3999,4,9,One-time payment,Environmental/fuel-quality concern,₹3-6L
R100918,Wave 1 - Jul 2026,Tier-1,North,Two-wheeler,3.2,No,1209,Yes,10-15%,Yes,Ineffective,No,No,5999,2,0,One-time payment,Not sure / still skeptical,₹6-10L
R100919,Wave 1 - Jul 2026,Tier-2,South,Two-wheeler,1.2,Yes,2094,No,None noticed,No,Neutral/Mixed,No,No,4499,2,3,One-time payment,Environmental/fuel-quality concern,₹6-10L
R100920,Wave 1 - Jul 2026,Metro,South,Two-wheeler,4.7,No,1456,Yes,10-15%,No,Neutral/Mixed,No,No,5999,5,9,No-cost EMI (installments),Protect engine/seals from damage,₹6-10L
R100921,Wave 1 - Jul 2026,Tier-3,North,Two-wheeler,2.2,Yes,1090,No,None noticed,No,Positive,No,No,4499,2,3,One-time payment,Not sure / still skeptical,₹6-10L
R100922,Wave 2 - Jul 2026,Tier-2,South,Sedan,2.9,No,2830,Yes,15%+,Yes,Ineffective,Yes,No,5999,5,10,No-cost EMI (installments),Save money long-term vs additives,₹6-10L
R100923,Wave 2 - Jul 2026,Tier-1,North,SUV,5.9,No,4248,Yes,10-15%,Yes,Neutral/Mixed,No,No,3999,4,6,One-time payment,Restore lost mileage,₹3-6L
R100924,Wave 2 - Jul 2026,Metro,South,Hatchback,3.2,No,3569,Yes,15%+,Yes,Disastrous,Yes,No,5999,4,8,No-cost EMI (installments),Protect engine/seals from damage,₹3-6L
R100925,Wave 1 - Jul 2026,Metro,South,SUV,3.0,Yes,6745,No,None noticed,No,Positive,No,Yes,3999,3,3,Subscription (device+cartridges bundled),Restore lost mileage,₹10-20L
R100926,Wave 1 - Jul 2026,Metro,South,Two-wheeler,3.7,No,1312,Yes,15%+,Yes,Positive,No,No,5999,1,0,No-cost EMI (installments),Restore lost mileage,₹10-20L
R100927,Wave 1 - Jul 2026,Tier-3,South,SUV,2.6,No,2983,Yes,10-15%,No,Disastrous,No,No,3999,5,9,No-cost EMI (installments),Restore lost mileage,<₹3L
R100928,Wave 1 - Jul 2026,Tier-2,North,Hatchback,10.7,No,4092,No,None noticed,Yes,Disastrous,No,No,5999,4,7,No-cost EMI (installments),Protect engine/seals from damage,<₹3L
R100929,Wave 2 - Jul 2026,Tier-2,North,Two-wheeler,9.8,No,1803,No,None noticed,Yes,Neutral/Mixed,Yes,No,5999,3,3,One-time payment,Environmental/fuel-quality concern,>₹20L
R100930,Wave 1 - Jul 2026,Tier-1,North,Commercial/Fleet,9.6,No,26906,Yes,5-10%,No,Ineffective,Yes,No,5999,5,10,No-cost EMI (installments),Save money long-term vs additives,₹3-6L
R100931,Wave 2 - Jul 2026,Tier-1,East,Two-wheeler,4.1,No,657,No,None noticed,No,Disastrous,Yes,No,4499,1,2,Subscription (device+cartridges bundled),Environmental/fuel-quality concern,>₹20L
R100932,Wave 2 - Jul 2026,Tier-1,Central,Two-wheeler,2.1,No,1086,Yes,5-10%,No,Disastrous,Yes,No,4499,5,8,No-cost EMI (installments),Restore lost mileage,₹10-20L
R100933,Wave 1 - Jul 2026,Tier-2,Central,Two-wheeler,6.0,No,1065,Yes,15%+,Yes,Disastrous,No,No,5999,3,5,Subscription (device+cartridges bundled),Restore lost mileage,₹3-6L
R100934,Wave 2 - Jul 2026,Tier-2,West,Two-wheeler,2.6,Yes,1457,No,None noticed,No,Neutral/Mixed,No,No,4499,2,3,No-cost EMI (installments),Protect engine/seals from damage,<₹3L
R100935,Wave 1 - Jul 2026,Metro,West,Two-wheeler,6.3,No,922,Yes,15%+,No,Neutral/Mixed,No,No,4499,4,7,No-cost EMI (installments),Restore lost mileage,>₹20L
R100936,Wave 2 - Jul 2026,Tier-3,South,Hatchback,2.0,Yes,6178,No,None noticed,No,Neutral/Mixed,No,Yes,3999,2,4,One-time payment,Not sure / still skeptical,₹3-6L
R100937,Wave 2 - Jul 2026,Metro,East,SUV,4.3,No,8300,Yes,10-15%,Yes,Ineffective,No,No,4499,5,9,Subscription (device+cartridges bundled),Restore lost mileage,₹6-10L
R100938,Wave 1 - Jul 2026,Tier-3,East,Two-wheeler,6.9,No,1352,Yes,5-10%,Yes,Disastrous,No,No,4499,5,9,No-cost EMI (installments),Save money long-term vs additives,₹3-6L
R100939,Wave 1 - Jul 2026,Metro,East,Hatchback,2.8,No,6073,No,None noticed,No,Neutral/Mixed,No,No,4499,1,0,One-time payment,Environmental/fuel-quality concern,₹6-10L
R100940,Wave 1 - Jul 2026,Metro,Central,Two-wheeler,2.7,No,1394,Yes,10-15%,Yes,Disastrous,No,No,3999,5,9,No-cost EMI (installments),Protect engine/seals from damage,₹10-20L
R100941,Wave 2 - Jul 2026,Tier-3,South,SUV,1.0,Yes,9119,Yes,0-5%,No,Neutral/Mixed,No,No,4499,5,9,No-cost EMI (installments),Save money long-term vs additives,₹6-10L
R100942,Wave 1 - Jul 2026,Metro,East,Two-wheeler,2.0,Yes,1106,No,None noticed,No,Positive,No,No,5999,1,1,Subscription (device+cartridges bundled),Not sure / still skeptical,<₹3L
R100943,Wave 2 - Jul 2026,Tier-1,East,Two-wheeler,4.1,No,863,Yes,15%+,Yes,Disastrous,No,No,4499,5,8,No-cost EMI (installments),Restore lost mileage,₹6-10L
R100944,Wave 1 - Jul 2026,Tier-1,South,Hatchback,4.5,No,3482,Yes,10-15%,Yes,Positive,No,No,5999,5,8,Subscription (device+cartridges bundled),Save money long-term vs additives,₹6-10L
R100945,Wave 2 - Jul 2026,Metro,Central,Sedan,4.9,No,9352,Yes,10-15%,Yes,Disastrous,Yes,No,3999,4,8,One-time payment,Restore lost mileage,₹3-6L
R100946,Wave 1 - Jul 2026,Tier-2,North,SUV,0.7,No,9653,No,None noticed,No,Neutral/Mixed,No,No,4499,1,2,No-cost EMI (installments),Not sure / still skeptical,₹10-20L
R100947,Wave 2 - Jul 2026,Tier-3,Central,Hatchback,2.7,No,4523,Yes,10-15%,Yes,Ineffective,No,No,4499,5,10,No-cost EMI (installments),Restore lost mileage,₹6-10L
R100948,Wave 2 - Jul 2026,Tier-3,East,Sedan,1.1,Yes,4214,No,None noticed,No,Neutral/Mixed,No,No,4499,2,5,One-time payment,Environmental/fuel-quality concern,<₹3L
R100949,Wave 1 - Jul 2026,Tier-1,North,Two-wheeler,3.9,No,1757,Yes,10-15%,Yes,Neutral/Mixed,No,No,5999,5,10,One-time payment,Protect engine/seals from damage,>₹20L
R100950,Wave 1 - Jul 2026,Tier-1,West,Two-wheeler,0.8,Yes,868,No,None noticed,No,Ineffective,Yes,No,3999,4,8,Subscription (device+cartridges bundled),Save money long-term vs additives,₹6-10L
R100951,Wave 1 - Jul 2026,Metro,North,Two-wheeler,1.4,Yes,786,No,None noticed,No,Positive,Yes,No,4499,2,3,Subscription (device+cartridges bundled),Not sure / still skeptical,₹3-6L
R100952,Wave 2 - Jul 2026,Metro,East,Two-wheeler,5.6,No,1181,Yes,5-10%,Yes,Disastrous,Yes,No,3999,5,10,Subscription (device+cartridges bundled),Restore lost mileage,<₹3L
R100953,Wave 2 - Jul 2026,Metro,East,Two-wheeler,2.2,Yes,2166,No,None noticed,No,Ineffective,No,No,4499,3,6,One-time payment,Not sure / still skeptical,₹3-6L
R100954,Wave 1 - Jul 2026,Tier-3,West,Hatchback,7.8,No,6432,No,None noticed,No,Neutral/Mixed,No,No,5999,4,5,One-time payment,Restore lost mileage,₹3-6L
R100955,Wave 2 - Jul 2026,Tier-3,East,Two-wheeler,5.0,No,1223,Yes,10-15%,No,Positive,No,Yes,3999,4,8,Subscription (device+cartridges bundled),Restore lost mileage,₹3-6L
R100956,Wave 2 - Jul 2026,Tier-2,North,Hatchback,2.8,No,3407,No,None noticed,No,Neutral/Mixed,No,No,4499,1,0,One-time payment,Restore lost mileage,₹10-20L
R100957,Wave 2 - Jul 2026,Tier-1,South,Hatchback,6.1,No,2271,Yes,10-15%,Yes,Ineffective,Yes,No,4499,5,9,No-cost EMI (installments),Restore lost mileage,₹6-10L
R100958,Wave 1 - Jul 2026,Tier-1,South,Sedan,2.9,Yes,5927,Yes,5-10%,Yes,Disastrous,Yes,No,5999,2,0,No-cost EMI (installments),Restore lost mileage,₹3-6L
R100959,Wave 1 - Jul 2026,Tier-1,North,Sedan,5.4,No,6063,No,None noticed,No,Disastrous,No,No,3999,4,5,No-cost EMI (installments),Save money long-term vs additives,₹10-20L
R100960,Wave 2 - Jul 2026,Tier-1,South,Two-wheeler,2.0,Yes,1710,Yes,5-10%,No,Disastrous,Yes,No,4499,5,9,No-cost EMI (installments),Restore lost mileage,₹10-20L
R100961,Wave 2 - Jul 2026,Tier-1,South,Two-wheeler,6.4,No,1757,Yes,15%+,Yes,Ineffective,Yes,No,5999,5,7,One-time payment,Protect engine/seals from damage,₹6-10L
R100962,Wave 2 - Jul 2026,Metro,South,Hatchback,0.9,No,3968,No,None noticed,No,Ineffective,No,No,4499,3,4,No-cost EMI (installments),Restore lost mileage,>₹20L
R100963,Wave 2 - Jul 2026,Metro,South,Hatchback,1.4,Yes,4854,No,None noticed,Yes,Ineffective,Yes,No,5999,4,8,One-time payment,Save money long-term vs additives,₹3-6L
R100964,Wave 1 - Jul 2026,Tier-3,East,Two-wheeler,1.6,Yes,1125,No,None noticed,No,Neutral/Mixed,No,No,4499,3,4,No-cost EMI (installments),Protect engine/seals from damage,<₹3L
R100965,Wave 2 - Jul 2026,Tier-1,South,Two-wheeler,2.1,Yes,1611,No,None noticed,No,Neutral/Mixed,No,No,5999,3,5,No-cost EMI (installments),Protect engine/seals from damage,<₹3L
R100966,Wave 2 - Jul 2026,Tier-3,Central,Sedan,4.2,No,4976,Yes,10-15%,No,Ineffective,No,No,3999,5,8,No-cost EMI (installments),Protect engine/seals from damage,₹3-6L
R100967,Wave 2 - Jul 2026,Metro,South,Hatchback,3.3,No,4740,Yes,5-10%,No,Disastrous,Yes,No,3999,5,10,One-time payment,Environmental/fuel-quality concern,₹6-10L
R100968,Wave 2 - Jul 2026,Tier-2,South,Two-wheeler,5.4,No,1548,Yes,10-15%,Yes,Disastrous,No,Yes,4499,3,5,One-time payment,Not sure / still skeptical,<₹3L
R100969,Wave 1 - Jul 2026,Metro,West,Two-wheeler,6.9,No,1427,Yes,15%+,Yes,Ineffective,No,No,4499,5,7,One-time payment,Restore lost mileage,₹6-10L
R100970,Wave 1 - Jul 2026,Metro,South,SUV,0.8,Yes,10024,No,None noticed,No,Ineffective,Yes,No,4499,4,6,Subscription (device+cartridges bundled),Environmental/fuel-quality concern,₹10-20L
R100971,Wave 2 - Jul 2026,Metro,South,Two-wheeler,7.5,No,784,Yes,10-15%,Yes,Ineffective,Yes,No,3999,5,8,One-time payment,Protect engine/seals from damage,₹10-20L
R100972,Wave 2 - Jul 2026,Metro,West,SUV,2.9,No,5755,No,None noticed,Yes,Disastrous,No,No,3999,4,8,One-time payment,Environmental/fuel-quality concern,₹6-10L
R100973,Wave 1 - Jul 2026,Tier-3,North,Two-wheeler,9.5,No,1294,Yes,10-15%,Yes,Neutral/Mixed,No,No,5999,5,9,No-cost EMI (installments),Restore lost mileage,₹6-10L
R100974,Wave 2 - Jul 2026,Tier-1,South,Hatchback,1.9,Yes,2503,No,None noticed,No,Positive,Yes,No,3999,2,2,Subscription (device+cartridges bundled),Restore lost mileage,₹10-20L
R100975,Wave 1 - Jul 2026,Tier-2,West,Two-wheeler,0.6,Yes,1241,No,None noticed,No,Disastrous,Yes,No,5999,2,2,No-cost EMI (installments),Restore lost mileage,₹6-10L
R100976,Wave 1 - Jul 2026,Tier-1,South,Two-wheeler,5.1,No,1253,Yes,10-15%,Yes,Disastrous,No,No,4499,5,10,One-time payment,Save money long-term vs additives,₹6-10L
R100977,Wave 2 - Jul 2026,Tier-1,East,Commercial/Fleet,4.9,No,25284,Yes,10-15%,Yes,Disastrous,No,No,3999,5,10,No-cost EMI (installments),Restore lost mileage,₹3-6L
R100978,Wave 2 - Jul 2026,Tier-1,South,Two-wheeler,1.4,Yes,1456,No,None noticed,No,Positive,No,No,5999,1,0,No-cost EMI (installments),Protect engine/seals from damage,<₹3L
R100979,Wave 2 - Jul 2026,Metro,Central,Commercial/Fleet,1.5,Yes,23832,Yes,0-5%,No,Ineffective,Yes,No,5999,5,8,No-cost EMI (installments),Protect engine/seals from damage,₹6-10L
R100980,Wave 2 - Jul 2026,Tier-3,East,Two-wheeler,5.7,No,1518,No,None noticed,No,Neutral/Mixed,No,Yes,5999,1,0,Subscription (device+cartridges bundled),Not sure / still skeptical,₹6-10L
R100981,Wave 1 - Jul 2026,Tier-2,Central,SUV,4.3,No,6970,No,None noticed,Yes,Disastrous,Yes,No,3999,4,7,No-cost EMI (installments),Protect engine/seals from damage,<₹3L
R100982,Wave 1 - Jul 2026,Tier-2,East,Commercial/Fleet,2.7,Yes,19193,No,None noticed,Yes,Disastrous,No,No,4499,5,10,No-cost EMI (installments),Protect engine/seals from damage,₹3-6L
R100983,Wave 2 - Jul 2026,Tier-1,North,Hatchback,4.6,No,5058,Yes,10-15%,Yes,Ineffective,Yes,No,5999,3,4,No-cost EMI (installments),Restore lost mileage,₹10-20L
R100984,Wave 1 - Jul 2026,Metro,West,Two-wheeler,4.0,No,1868,Yes,15%+,Yes,Ineffective,No,No,4499,5,10,One-time payment,Save money long-term vs additives,₹3-6L
R100985,Wave 1 - Jul 2026,Tier-3,North,Sedan,1.7,Yes,5585,No,None noticed,No,Positive,Yes,No,3999,2,3,No-cost EMI (installments),Restore lost mileage,₹6-10L
R100986,Wave 1 - Jul 2026,Tier-1,East,Hatchback,5.9,No,2263,No,None noticed,No,Positive,No,No,3999,1,2,No-cost EMI (installments),Save money long-term vs additives,₹3-6L
R100987,Wave 1 - Jul 2026,Metro,West,Commercial/Fleet,5.2,No,9602,Yes,10-15%,Yes,Ineffective,No,No,5999,5,8,One-time payment,Protect engine/seals from damage,₹3-6L
R100988,Wave 1 - Jul 2026,Tier-1,South,Two-wheeler,3.4,No,1272,Yes,10-15%,No,Ineffective,No,No,5999,4,9,No-cost EMI (installments),Restore lost mileage,₹10-20L
R100989,Wave 2 - Jul 2026,Tier-2,Central,Two-wheeler,5.7,No,484,Yes,10-15%,No,Neutral/Mixed,No,Yes,5999,3,4,One-time payment,Save money long-term vs additives,<₹3L
R100990,Wave 2 - Jul 2026,Tier-2,North,Two-wheeler,10.3,No,2104,Yes,5-10%,Yes,Ineffective,No,Yes,5999,5,10,One-time payment,Protect engine/seals from damage,₹3-6L
R100991,Wave 1 - Jul 2026,Tier-2,West,Sedan,1.5,Yes,6769,No,None noticed,No,Positive,No,No,3999,4,7,No-cost EMI (installments),Restore lost mileage,>₹20L
R100992,Wave 1 - Jul 2026,Tier-2,West,Commercial/Fleet,2.8,No,15207,Yes,10-15%,Yes,Positive,Yes,No,4499,5,8,One-time payment,Restore lost mileage,₹6-10L
R100993,Wave 1 - Jul 2026,Metro,North,Two-wheeler,2.9,No,965,Yes,10-15%,Yes,Disastrous,No,No,3999,5,9,No-cost EMI (installments),Restore lost mileage,₹6-10L
R100994,Wave 2 - Jul 2026,Tier-3,West,Sedan,5.6,No,7470,Yes,5-10%,No,Ineffective,No,Yes,3999,5,10,One-time payment,Restore lost mileage,₹6-10L
R100995,Wave 1 - Jul 2026,Tier-1,East,Commercial/Fleet,2.1,No,12731,Yes,5-10%,No,Ineffective,No,No,3999,5,9,No-cost EMI (installments),Save money long-term vs additives,₹3-6L
R100996,Wave 1 - Jul 2026,Tier-2,North,Two-wheeler,5.4,No,1001,Yes,10-15%,No,Disastrous,Yes,No,5999,2,2,Subscription (device+cartridges bundled),Environmental/fuel-quality concern,₹3-6L
R100997,Wave 2 - Jul 2026,Metro,West,Two-wheeler,2.3,Yes,1100,No,None noticed,No,Neutral/Mixed,No,Yes,3999,2,3,No-cost EMI (installments),Restore lost mileage,₹6-10L
R100998,Wave 1 - Jul 2026,Tier-3,South,Sedan,1.4,Yes,5985,No,None noticed,Yes,Ineffective,No,No,4499,5,9,No-cost EMI (installments),Restore lost mileage,₹3-6L
R100999,Wave 2 - Jul 2026,Tier-1,West,Hatchback,3.5,No,4930,Yes,10-15%,Yes,Disastrous,No,No,4499,5,9,One-time payment,Save money long-term vs additives,₹3-6L
R101000,Wave 2 - Jul 2026,Metro,North,Two-wheeler,2.3,Yes,1868,Yes,10-15%,No,Disastrous,No,No,3999,4,6,One-time payment,Save money long-term vs additives,₹6-10L
R101001,Wave 1 - Jul 2026,Tier-1,Central,SUV,3.8,No,10599,Yes,10-15%,Yes,Ineffective,Yes,No,4499,5,10,No-cost EMI (installments),Save money long-term vs additives,<₹3L
R101002,Wave 1 - Jul 2026,Metro,Central,Hatchback,4.4,No,4201,No,None noticed,No,Neutral/Mixed,No,No,3999,2,1,No-cost EMI (installments),Protect engine/seals from damage,₹3-6L
R101003,Wave 1 - Jul 2026,Metro,North,Commercial/Fleet,0.9,Yes,23786,No,None noticed,No,Neutral/Mixed,No,No,4499,2,3,No-cost EMI (installments),Environmental/fuel-quality concern,₹6-10L
R101004,Wave 2 - Jul 2026,Tier-2,South,SUV,2.5,Yes,6659,No,None noticed,No,Ineffective,Yes,No,4499,4,8,No-cost EMI (installments),Restore lost mileage,₹6-10L
R101005,Wave 2 - Jul 2026,Tier-1,West,SUV,3.5,No,4019,No,None noticed,Yes,Ineffective,No,Yes,5999,2,2,One-time payment,Not sure / still skeptical,₹6-10L
R101006,Wave 2 - Jul 2026,Tier-3,West,Hatchback,5.7,No,3411,Yes,10-15%,Yes,Disastrous,Yes,No,5999,5,8,One-time payment,Restore lost mileage,<₹3L
R101007,Wave 2 - Jul 2026,Tier-1,South,Two-wheeler,5.2,No,1084,No,None noticed,No,Neutral/Mixed,No,No,5999,2,1,Subscription (device+cartridges bundled),Not sure / still skeptical,₹10-20L
R101008,Wave 2 - Jul 2026,Tier-2,North,Hatchback,1.8,Yes,3457,No,None noticed,No,Neutral/Mixed,Yes,No,4499,2,3,No-cost EMI (installments),Restore lost mileage,₹10-20L
R101009,Wave 1 - Jul 2026,Tier-1,North,Two-wheeler,3.0,No,1024,Yes,10-15%,Yes,Neutral/Mixed,No,No,3999,5,8,No-cost EMI (installments),Save money long-term vs additives,₹6-10L
R101010,Wave 1 - Jul 2026,Tier-2,Central,Sedan,4.6,No,5051,Yes,15%+,No,Ineffective,No,No,4499,5,7,No-cost EMI (installments),Restore lost mileage,₹10-20L
R101011,Wave 2 - Jul 2026,Tier-2,South,Two-wheeler,2.8,No,1643,Yes,10-15%,Yes,Ineffective,Yes,No,5999,5,10,Subscription (device+cartridges bundled),Save money long-term vs additives,₹3-6L
R101012,Wave 2 - Jul 2026,Tier-1,East,Hatchback,1.9,Yes,6217,Yes,10-15%,No,Neutral/Mixed,No,No,3999,4,6,No-cost EMI (installments),Restore lost mileage,<₹3L
R101013,Wave 1 - Jul 2026,Tier-3,South,Two-wheeler,3.2,No,724,Yes,15%+,Yes,Disastrous,No,Yes,3999,5,10,One-time payment,Save money long-term vs additives,₹3-6L
R101014,Wave 1 - Jul 2026,Tier-1,Central,Two-wheeler,4.3,No,895,Yes,10-15%,Yes,Neutral/Mixed,No,No,5999,4,7,Subscription (device+cartridges bundled),Restore lost mileage,₹6-10L
R101015,Wave 1 - Jul 2026,Metro,North,Two-wheeler,1.6,Yes,1090,No,None noticed,No,Ineffective,Yes,No,5999,2,2,No-cost EMI (installments),Not sure / still skeptical,₹10-20L
R101016,Wave 1 - Jul 2026,Tier-2,North,Hatchback,4.9,No,5101,Yes,10-15%,Yes,Disastrous,No,No,3999,5,9,One-time payment,Save money long-term vs additives,₹3-6L
R101017,Wave 2 - Jul 2026,Tier-3,Central,SUV,3.7,No,7729,Yes,5-10%,No,Disastrous,No,No,5999,3,3,Subscription (device+cartridges bundled),Protect engine/seals from damage,₹3-6L
R101018,Wave 2 - Jul 2026,Metro,Central,Two-wheeler,5.0,No,1116,No,None noticed,Yes,Ineffective,No,Yes,4499,3,4,One-time payment,Restore lost mileage,₹10-20L
R101019,Wave 2 - Jul 2026,Tier-1,South,SUV,3.2,No,9846,Yes,10-15%,Yes,Positive,No,No,4499,5,9,One-time payment,Restore lost mileage,₹3-6L
R101020,Wave 1 - Jul 2026,Tier-3,South,SUV,9.3,No,10396,Yes,10-15%,Yes,Ineffective,Yes,No,4499,5,8,No-cost EMI (installments),Restore lost mileage,₹6-10L
R101021,Wave 2 - Jul 2026,Tier-2,South,Two-wheeler,4.2,No,1393,Yes,15%+,Yes,Ineffective,No,No,5999,2,3,Subscription (device+cartridges bundled),Environmental/fuel-quality concern,₹3-6L
R101022,Wave 1 - Jul 2026,Tier-3,South,Sedan,5.4,No,4474,Yes,10-15%,No,Disastrous,Yes,No,3999,5,9,One-time payment,Restore lost mileage,>₹20L
R101023,Wave 1 - Jul 2026,Tier-1,North,Two-wheeler,4.9,Yes,1506,Yes,0-5%,No,Positive,No,No,5999,2,0,No-cost EMI (installments),Restore lost mileage,₹3-6L
R101024,Wave 2 - Jul 2026,Tier-2,Central,Two-wheeler,2.9,No,1309,Yes,10-15%,No,Ineffective,Yes,No,3999,5,8,One-time payment,Restore lost mileage,₹10-20L
R101025,Wave 2 - Jul 2026,Tier-1,South,Hatchback,4.0,Yes,3917,No,None noticed,Yes,Disastrous,Yes,No,4499,5,9,One-time payment,Restore lost mileage,₹6-10L
R101026,Wave 2 - Jul 2026,Tier-3,West,Two-wheeler,2.1,Yes,1199,Yes,0-5%,No,Positive,No,No,4499,3,4,No-cost EMI (installments),Restore lost mileage,>₹20L
R101027,Wave 1 - Jul 2026,Tier-1,North,SUV,8.9,No,10324,Yes,15%+,No,Ineffective,No,No,5999,3,5,No-cost EMI (installments),Environmental/fuel-quality concern,>₹20L
R101028,Wave 1 - Jul 2026,Tier-2,North,Commercial/Fleet,4.5,No,19794,Yes,10-15%,Yes,Disastrous,No,No,5999,5,10,No-cost EMI (installments),Restore lost mileage,₹10-20L
R101029,Wave 2 - Jul 2026,Tier-1,West,SUV,1.8,Yes,10578,Yes,0-5%,No,Disastrous,No,No,5999,5,10,No-cost EMI (installments),Save money long-term vs additives,<₹3L
R101030,Wave 2 - Jul 2026,Tier-2,South,Hatchback,7.7,No,5772,No,None noticed,Yes,Disastrous,Yes,No,5999,4,8,Subscription (device+cartridges bundled),Save money long-term vs additives,₹6-10L
R101031,Wave 1 - Jul 2026,Tier-2,West,Hatchback,3.1,No,4740,No,None noticed,Yes,Neutral/Mixed,Yes,No,3999,5,7,No-cost EMI (installments),Restore lost mileage,₹10-20L
R101032,Wave 1 - Jul 2026,Tier-1,North,Commercial/Fleet,5.9,No,15876,Yes,15%+,Yes,Disastrous,No,No,5999,5,9,One-time payment,Save money long-term vs additives,₹6-10L
R101033,Wave 1 - Jul 2026,Tier-3,Central,Two-wheeler,0.8,Yes,1808,Yes,0-5%,No,Positive,No,No,4499,3,4,No-cost EMI (installments),Save money long-term vs additives,₹10-20L
R101034,Wave 1 - Jul 2026,Tier-1,East,Two-wheeler,6.8,No,1583,No,None noticed,No,Disastrous,No,No,4499,2,3,No-cost EMI (installments),Environmental/fuel-quality concern,₹10-20L
R101035,Wave 1 - Jul 2026,Tier-2,East,Hatchback,4.4,No,7262,No,None noticed,Yes,Ineffective,No,No,4499,4,6,One-time payment,Restore lost mileage,₹3-6L
R101036,Wave 2 - Jul 2026,Tier-1,North,Two-wheeler,1.7,Yes,1522,No,None noticed,Yes,Neutral/Mixed,No,No,4499,4,6,No-cost EMI (installments),Save money long-term vs additives,₹3-6L
R101037,Wave 1 - Jul 2026,Tier-1,South,Two-wheeler,4.4,No,1673,No,None noticed,Yes,Ineffective,No,No,4499,5,8,No-cost EMI (installments),Restore lost mileage,₹3-6L
R101038,Wave 2 - Jul 2026,Tier-1,South,Two-wheeler,8.4,No,1514,Yes,15%+,No,Ineffective,Yes,No,4499,4,6,One-time payment,Protect engine/seals from damage,₹6-10L
R101039,Wave 2 - Jul 2026,Metro,West,Hatchback,2.2,Yes,4083,No,None noticed,No,Neutral/Mixed,No,No,3999,4,6,One-time payment,Restore lost mileage,₹6-10L
R101040,Wave 1 - Jul 2026,Metro,South,Two-wheeler,2.2,Yes,1299,No,None noticed,No,Neutral/Mixed,No,No,5999,1,0,No-cost EMI (installments),Environmental/fuel-quality concern,<₹3L
R101041,Wave 1 - Jul 2026,Tier-2,North,Two-wheeler,2.9,No,1515,Yes,10-15%,Yes,Neutral/Mixed,No,No,5999,2,1,No-cost EMI (installments),Environmental/fuel-quality concern,₹10-20L
R101042,Wave 2 - Jul 2026,Tier-2,South,Two-wheeler,3.5,No,1604,Yes,10-15%,No,Disastrous,No,No,4499,3,6,Subscription (device+cartridges bundled),Restore lost mileage,<₹3L
R101043,Wave 1 - Jul 2026,Tier-2,South,Two-wheeler,6.1,No,1853,Yes,10-15%,No,Ineffective,Yes,No,5999,3,5,One-time payment,Restore lost mileage,₹6-10L
R101044,Wave 2 - Jul 2026,Metro,South,SUV,4.6,No,8909,Yes,15%+,Yes,Ineffective,Yes,No,4499,4,5,No-cost EMI (installments),Save money long-term vs additives,₹6-10L
R101045,Wave 1 - Jul 2026,Tier-1,North,Two-wheeler,2.9,No,1219,Yes,5-10%,No,Disastrous,No,Yes,4499,5,9,No-cost EMI (installments),Restore lost mileage,₹6-10L
R101046,Wave 1 - Jul 2026,Metro,South,Sedan,4.1,No,5269,Yes,10-15%,No,Disastrous,Yes,No,5999,5,7,No-cost EMI (installments),Restore lost mileage,₹3-6L
R101047,Wave 2 - Jul 2026,Tier-2,West,Sedan,9.2,No,3652,Yes,10-15%,Yes,Positive,No,Yes,4499,4,9,No-cost EMI (installments),Restore lost mileage,₹10-20L
R101048,Wave 1 - Jul 2026,Tier-3,South,Two-wheeler,5.1,No,2051,No,None noticed,Yes,Disastrous,No,No,5999,5,10,One-time payment,Environmental/fuel-quality concern,₹10-20L
R101049,Wave 1 - Jul 2026,Metro,South,SUV,3.1,Yes,6957,No,None noticed,Yes,Disastrous,Yes,No,4499,3,5,One-time payment,Save money long-term vs additives,₹6-10L
R101050,Wave 2 - Jul 2026,Tier-2,West,Sedan,2.9,Yes,7371,No,None noticed,Yes,Ineffective,Yes,No,4499,4,6,No-cost EMI (installments),Protect engine/seals from damage,>₹20L
R101051,Wave 1 - Jul 2026,Metro,East,Hatchback,3.9,No,4525,Yes,10-15%,Yes,Disastrous,No,No,3999,5,8,One-time payment,Save money long-term vs additives,₹3-6L
R101052,Wave 1 - Jul 2026,Metro,South,Two-wheeler,6.1,No,1519,Yes,10-15%,Yes,Disastrous,Yes,No,5999,4,6,No-cost EMI (installments),Save money long-term vs additives,₹3-6L
R101053,Wave 2 - Jul 2026,Metro,West,Two-wheeler,2.0,Yes,1354,Yes,0-5%,No,Disastrous,Yes,No,3999,5,9,No-cost EMI (installments),Save money long-term vs additives,<₹3L
R101054,Wave 1 - Jul 2026,Tier-1,Central,Commercial/Fleet,5.5,No,14419,Yes,5-10%,No,Disastrous,No,Yes,4499,5,10,One-time payment,Protect engine/seals from damage,₹10-20L
R101055,Wave 2 - Jul 2026,Tier-2,West,SUV,3.1,No,5976,No,None noticed,Yes,Ineffective,No,No,3999,5,10,One-time payment,Save money long-term vs additives,₹3-6L
R101056,Wave 2 - Jul 2026,Tier-3,Central,Commercial/Fleet,3.4,Yes,27453,No,None noticed,No,Positive,No,Yes,4499,5,10,No-cost EMI (installments),Protect engine/seals from damage,>₹20L
R101057,Wave 2 - Jul 2026,Metro,East,Commercial/Fleet,13.8,No,19090,Yes,15%+,Yes,Disastrous,Yes,No,4499,5,9,One-time payment,Restore lost mileage,₹6-10L
R101058,Wave 1 - Jul 2026,Tier-1,North,Two-wheeler,5.2,No,1841,Yes,10-15%,No,Ineffective,Yes,No,5999,3,3,No-cost EMI (installments),Restore lost mileage,₹10-20L
R101059,Wave 1 - Jul 2026,Tier-2,South,SUV,2.3,Yes,11380,No,None noticed,No,Neutral/Mixed,No,No,4499,3,4,One-time payment,Restore lost mileage,₹6-10L
R101060,Wave 2 - Jul 2026,Tier-3,West,Two-wheeler,4.4,No,1239,Yes,10-15%,Yes,Disastrous,No,No,3999,4,7,Subscription (device+cartridges bundled),Protect engine/seals from damage,₹10-20L
R101061,Wave 2 - Jul 2026,Tier-2,Central,SUV,6.2,No,9172,Yes,10-15%,Yes,Disastrous,No,Yes,3999,5,8,One-time payment,Environmental/fuel-quality concern,₹6-10L
R101062,Wave 1 - Jul 2026,Metro,South,Two-wheeler,5.2,No,1418,Yes,10-15%,No,Disastrous,No,No,3999,5,10,One-time payment,Save money long-term vs additives,₹6-10L
R101063,Wave 1 - Jul 2026,Tier-2,North,Two-wheeler,0.5,Yes,946,No,None noticed,No,Neutral/Mixed,No,No,5999,3,6,No-cost EMI (installments),Environmental/fuel-quality concern,₹10-20L
R101064,Wave 1 - Jul 2026,Tier-1,West,Sedan,3.3,Yes,5499,No,None noticed,No,Neutral/Mixed,No,No,5999,2,3,No-cost EMI (installments),Not sure / still skeptical,₹3-6L
R101065,Wave 1 - Jul 2026,Tier-3,North,SUV,4.5,No,9549,Yes,10-15%,No,Disastrous,No,No,4499,5,10,No-cost EMI (installments),Save money long-term vs additives,₹10-20L
R101066,Wave 2 - Jul 2026,Tier-1,East,Hatchback,4.3,No,3613,Yes,5-10%,Yes,Neutral/Mixed,No,Yes,4499,2,0,One-time payment,Not sure / still skeptical,₹10-20L
R101067,Wave 2 - Jul 2026,Tier-2,West,Two-wheeler,2.5,Yes,1273,No,None noticed,No,Positive,No,No,3999,1,2,One-time payment,Save money long-term vs additives,₹10-20L
R101068,Wave 1 - Jul 2026,Metro,West,Two-wheeler,5.3,No,1332,Yes,10-15%,Yes,Neutral/Mixed,No,No,5999,3,3,One-time payment,Protect engine/seals from damage,₹3-6L
R101069,Wave 2 - Jul 2026,Tier-1,East,Commercial/Fleet,6.8,No,29438,No,None noticed,No,Disastrous,Yes,No,5999,5,9,No-cost EMI (installments),Restore lost mileage,<₹3L
R101070,Wave 2 - Jul 2026,Tier-3,West,Two-wheeler,0.9,Yes,681,No,None noticed,No,Positive,No,No,5999,1,1,Subscription (device+cartridges bundled),Protect engine/seals from damage,<₹3L
R101071,Wave 2 - Jul 2026,Tier-2,West,Two-wheeler,0.8,Yes,1597,No,None noticed,No,Neutral/Mixed,No,No,3999,1,0,One-time payment,Save money long-term vs additives,₹6-10L
R101072,Wave 2 - Jul 2026,Tier-1,East,Hatchback,4.4,No,3902,No,None noticed,No,Disastrous,Yes,No,4499,3,3,No-cost EMI (installments),Protect engine/seals from damage,₹3-6L
R101073,Wave 1 - Jul 2026,Tier-3,East,Two-wheeler,5.6,Yes,1149,No,None noticed,Yes,Positive,No,No,5999,1,0,No-cost EMI (installments),Protect engine/seals from damage,>₹20L
R101074,Wave 2 - Jul 2026,Tier-3,East,Hatchback,2.2,No,3873,No,None noticed,No,Positive,No,No,3999,1,0,One-time payment,Save money long-term vs additives,>₹20L
R101075,Wave 1 - Jul 2026,Tier-1,North,Two-wheeler,0.5,Yes,1662,No,None noticed,No,Ineffective,Yes,No,5999,4,8,One-time payment,Environmental/fuel-quality concern,<₹3L
R101076,Wave 1 - Jul 2026,Tier-1,West,SUV,3.4,Yes,9864,Yes,0-5%,No,Positive,No,No,5999,3,3,No-cost EMI (installments),Protect engine/seals from damage,₹10-20L
R101077,Wave 1 - Jul 2026,Tier-1,North,Commercial/Fleet,4.3,No,19464,Yes,10-15%,No,Disastrous,No,No,5999,5,10,One-time payment,Save money long-term vs additives,₹3-6L
R101078,Wave 1 - Jul 2026,Tier-2,East,Commercial/Fleet,2.8,No,24160,Yes,10-15%,Yes,Disastrous,Yes,No,4499,5,7,No-cost EMI (installments),Restore lost mileage,₹3-6L
R101079,Wave 2 - Jul 2026,Tier-1,West,Hatchback,6.3,No,5692,Yes,5-10%,Yes,Disastrous,No,Yes,4499,5,10,No-cost EMI (installments),Not sure / still skeptical,₹3-6L
R101080,Wave 1 - Jul 2026,Metro,South,Two-wheeler,4.2,No,1720,Yes,15%+,Yes,Disastrous,Yes,No,5999,4,6,No-cost EMI (installments),Save money long-term vs additives,₹10-20L
R101081,Wave 1 - Jul 2026,Tier-3,North,Sedan,2.0,Yes,4913,No,None noticed,No,Positive,No,No,4499,2,2,No-cost EMI (installments),Not sure / still skeptical,₹10-20L
R101082,Wave 1 - Jul 2026,Tier-3,South,SUV,2.2,Yes,9335,No,None noticed,No,Neutral/Mixed,Yes,No,5999,2,2,One-time payment,Environmental/fuel-quality concern,<₹3L
R101083,Wave 1 - Jul 2026,Tier-3,West,Hatchback,3.4,Yes,4787,Yes,5-10%,No,Disastrous,No,Yes,4499,5,10,Subscription (device+cartridges bundled),Protect engine/seals from damage,₹3-6L
R101084,Wave 1 - Jul 2026,Tier-3,North,Sedan,2.6,No,4475,Yes,15%+,No,Neutral/Mixed,No,Yes,5999,4,7,No-cost EMI (installments),Protect engine/seals from damage,₹6-10L
R101085,Wave 1 - Jul 2026,Tier-2,North,Sedan,0.8,Yes,3251,No,None noticed,No,Positive,No,No,5999,1,0,No-cost EMI (installments),Environmental/fuel-quality concern,₹6-10L
R101086,Wave 2 - Jul 2026,Tier-2,Central,Sedan,3.9,No,2515,Yes,10-15%,Yes,Neutral/Mixed,No,No,4499,5,10,No-cost EMI (installments),Save money long-term vs additives,<₹3L
R101087,Wave 2 - Jul 2026,Tier-2,East,Sedan,2.2,Yes,5913,No,None noticed,No,Positive,No,No,3999,3,7,One-time payment,Restore lost mileage,₹10-20L
R101088,Wave 1 - Jul 2026,Tier-1,North,Two-wheeler,2.5,Yes,1517,No,None noticed,No,Positive,No,No,3999,1,1,Subscription (device+cartridges bundled),Restore lost mileage,>₹20L
R101089,Wave 2 - Jul 2026,Tier-1,South,Hatchback,1.5,Yes,2810,No,None noticed,Yes,Ineffective,No,Yes,5999,3,5,No-cost EMI (installments),Not sure / still skeptical,₹6-10L
R101090,Wave 2 - Jul 2026,Metro,Central,Hatchback,8.5,No,5430,Yes,15%+,Yes,Disastrous,Yes,Yes,4499,5,8,Subscription (device+cartridges bundled),Restore lost mileage,₹10-20L
R101091,Wave 1 - Jul 2026,Tier-2,West,Two-wheeler,5.0,No,1460,No,None noticed,No,Positive,No,Yes,3999,2,1,Subscription (device+cartridges bundled),Not sure / still skeptical,₹6-10L
R101092,Wave 1 - Jul 2026,Tier-1,West,SUV,9.8,No,11298,Yes,15%+,Yes,Disastrous,Yes,No,5999,5,10,No-cost EMI (installments),Restore lost mileage,₹6-10L
R101093,Wave 1 - Jul 2026,Metro,South,Hatchback,2.7,No,4636,Yes,10-15%,Yes,Disastrous,No,No,5999,4,6,No-cost EMI (installments),Protect engine/seals from damage,₹10-20L
R101094,Wave 1 - Jul 2026,Tier-2,South,Two-wheeler,5.2,No,982,Yes,10-15%,Yes,Disastrous,No,Yes,5999,5,9,No-cost EMI (installments),Restore lost mileage,₹6-10L
R101095,Wave 2 - Jul 2026,Tier-1,North,SUV,4.0,No,9252,Yes,15%+,Yes,Disastrous,Yes,No,4499,4,9,One-time payment,Protect engine/seals from damage,₹6-10L
R101096,Wave 1 - Jul 2026,Metro,West,Sedan,2.1,Yes,6888,No,None noticed,No,Neutral/Mixed,No,No,5999,2,2,Subscription (device+cartridges bundled),Not sure / still skeptical,₹3-6L
R101097,Wave 1 - Jul 2026,Tier-2,North,Sedan,2.7,No,4911,Yes,5-10%,Yes,Neutral/Mixed,No,No,5999,4,5,No-cost EMI (installments),Environmental/fuel-quality concern,₹10-20L
R101098,Wave 1 - Jul 2026,Tier-3,North,Two-wheeler,5.0,No,835,No,None noticed,No,Neutral/Mixed,No,No,3999,3,7,No-cost EMI (installments),Restore lost mileage,₹3-6L
R101099,Wave 2 - Jul 2026,Metro,West,SUV,1.5,Yes,8430,No,None noticed,No,Neutral/Mixed,No,No,5999,1,2,No-cost EMI (installments),Environmental/fuel-quality concern,₹3-6L
R101100,Wave 2 - Jul 2026,Metro,Central,Two-wheeler,6.4,No,1008,Yes,10-15%,No,Ineffective,No,No,4499,5,10,One-time payment,Save money long-term vs additives,₹6-10L
R101101,Wave 1 - Jul 2026,Tier-1,East,Hatchback,3.8,No,5518,Yes,5-10%,Yes,Ineffective,Yes,No,5999,4,9,No-cost EMI (installments),Restore lost mileage,₹3-6L
R101102,Wave 1 - Jul 2026,Tier-2,South,Two-wheeler,5.9,No,1240,Yes,5-10%,Yes,Disastrous,No,No,5999,3,4,One-time payment,Restore lost mileage,₹3-6L
R101103,Wave 2 - Jul 2026,Tier-3,South,Hatchback,4.3,No,6228,Yes,5-10%,Yes,Disastrous,Yes,No,4499,4,8,One-time payment,Protect engine/seals from damage,₹3-6L
R101104,Wave 1 - Jul 2026,Metro,South,Sedan,0.9,Yes,2350,No,None noticed,No,Neutral/Mixed,No,No,3999,2,2,No-cost EMI (installments),Not sure / still skeptical,₹10-20L
R101105,Wave 1 - Jul 2026,Tier-2,South,Hatchback,3.3,No,4359,Yes,10-15%,Yes,Disastrous,No,No,3999,4,5,One-time payment,Restore lost mileage,₹6-10L
R101106,Wave 2 - Jul 2026,Metro,West,Hatchback,6.5,Yes,5881,Yes,0-5%,No,Ineffective,No,No,3999,5,10,Subscription (device+cartridges bundled),Restore lost mileage,₹3-6L
R101107,Wave 1 - Jul 2026,Tier-1,South,SUV,3.7,No,6156,No,None noticed,Yes,Ineffective,No,No,5999,5,7,No-cost EMI (installments),Environmental/fuel-quality concern,₹10-20L
R101108,Wave 1 - Jul 2026,Tier-3,West,Sedan,3.4,Yes,5541,No,None noticed,Yes,Disastrous,Yes,No,5999,5,10,No-cost EMI (installments),Environmental/fuel-quality concern,₹10-20L
R101109,Wave 1 - Jul 2026,Metro,Central,Two-wheeler,3.7,No,1242,No,None noticed,Yes,Neutral/Mixed,No,No,3999,5,10,One-time payment,Protect engine/seals from damage,<₹3L
R101110,Wave 1 - Jul 2026,Metro,Central,Commercial/Fleet,0.7,Yes,14958,No,None noticed,Yes,Ineffective,No,No,3999,5,10,One-time payment,Protect engine/seals from damage,₹6-10L
R101111,Wave 2 - Jul 2026,Tier-1,North,Sedan,6.9,No,6197,No,None noticed,Yes,Ineffective,No,No,5999,2,2,No-cost EMI (installments),Not sure / still skeptical,₹3-6L
R101112,Wave 1 - Jul 2026,Tier-2,South,Commercial/Fleet,0.4,Yes,11790,No,None noticed,No,Positive,No,No,3999,1,0,One-time payment,Not sure / still skeptical,₹6-10L
R101113,Wave 1 - Jul 2026,Tier-3,North,Commercial/Fleet,7.8,No,17925,Yes,15%+,Yes,Ineffective,Yes,No,3999,5,9,No-cost EMI (installments),Save money long-term vs additives,₹10-20L
R101114,Wave 2 - Jul 2026,Tier-3,South,Commercial/Fleet,2.6,No,21173,No,None noticed,Yes,Disastrous,No,No,3999,5,10,No-cost EMI (installments),Protect engine/seals from damage,<₹3L
R101115,Wave 2 - Jul 2026,Metro,South,Sedan,4.5,No,5451,Yes,10-15%,No,Ineffective,No,No,4499,3,5,One-time payment,Restore lost mileage,₹6-10L
R101116,Wave 1 - Jul 2026,Metro,North,Hatchback,0.6,Yes,3024,No,None noticed,No,Ineffective,No,No,4499,2,2,No-cost EMI (installments),Not sure / still skeptical,₹3-6L
R101117,Wave 2 - Jul 2026,Tier-2,East,Two-wheeler,5.5,No,1804,No,None noticed,Yes,Disastrous,Yes,No,5999,2,1,No-cost EMI (installments),Not sure / still skeptical,₹6-10L
R101118,Wave 2 - Jul 2026,Metro,South,Hatchback,4.9,No,5059,Yes,10-15%,Yes,Ineffective,Yes,No,3999,5,10,One-time payment,Restore lost mileage,<₹3L
R101119,Wave 1 - Jul 2026,Tier-3,Central,Sedan,4.7,No,4109,Yes,15%+,No,Disastrous,No,No,3999,5,10,No-cost EMI (installments),Protect engine/seals from damage,₹10-20L
R101120,Wave 1 - Jul 2026,Tier-2,North,Hatchback,0.6,Yes,2678,No,None noticed,No,Ineffective,No,No,5999,1,0,One-time payment,Not sure / still skeptical,₹6-10L
R101121,Wave 2 - Jul 2026,Metro,North,SUV,1.9,Yes,6014,No,None noticed,No,Positive,No,No,5999,1,0,One-time payment,Save money long-term vs additives,₹3-6L
R101122,Wave 1 - Jul 2026,Tier-3,South,Two-wheeler,4.4,No,1614,No,None noticed,Yes,Neutral/Mixed,No,No,4499,4,6,No-cost EMI (installments),Save money long-term vs additives,₹10-20L
R101123,Wave 1 - Jul 2026,Metro,North,Two-wheeler,6.8,No,1508,Yes,10-15%,Yes,Neutral/Mixed,No,No,5999,4,8,No-cost EMI (installments),Restore lost mileage,<₹3L
R101124,Wave 1 - Jul 2026,Tier-1,South,Hatchback,1.7,Yes,5129,No,None noticed,No,Positive,No,Yes,5999,1,0,Subscription (device+cartridges bundled),Not sure / still skeptical,₹6-10L
R101125,Wave 1 - Jul 2026,Tier-2,Central,Two-wheeler,1.7,Yes,1272,No,None noticed,No,Ineffective,No,No,5999,4,8,No-cost EMI (installments),Not sure / still skeptical,₹6-10L
R101126,Wave 1 - Jul 2026,Tier-1,North,Two-wheeler,4.2,No,1038,No,None noticed,No,Neutral/Mixed,No,No,4499,1,0,No-cost EMI (installments),Not sure / still skeptical,<₹3L
R101127,Wave 1 - Jul 2026,Tier-2,North,Two-wheeler,13.0,No,1760,Yes,10-15%,Yes,Disastrous,No,No,3999,5,10,One-time payment,Save money long-term vs additives,₹3-6L
R101128,Wave 2 - Jul 2026,Tier-2,West,SUV,2.1,No,6929,No,None noticed,Yes,Neutral/Mixed,No,No,3999,4,8,One-time payment,Save money long-term vs additives,<₹3L
R101129,Wave 2 - Jul 2026,Tier-3,South,Hatchback,2.6,No,4419,No,None noticed,No,Neutral/Mixed,No,Yes,5999,2,2,One-time payment,Environmental/fuel-quality concern,₹10-20L
R101130,Wave 1 - Jul 2026,Tier-3,West,Two-wheeler,2.3,Yes,792,No,None noticed,No,Disastrous,No,Yes,5999,1,1,No-cost EMI (installments),Not sure / still skeptical,₹10-20L
R101131,Wave 1 - Jul 2026,Tier-1,South,Two-wheeler,3.1,No,1177,No,None noticed,Yes,Disastrous,No,No,4499,4,8,No-cost EMI (installments),Restore lost mileage,<₹3L
R101132,Wave 2 - Jul 2026,Metro,East,Hatchback,7.1,No,5387,Yes,5-10%,Yes,Ineffective,No,No,3999,5,7,One-time payment,Protect engine/seals from damage,<₹3L
R101133,Wave 2 - Jul 2026,Tier-2,North,Two-wheeler,3.2,Yes,1119,Yes,0-5%,Yes,Disastrous,Yes,Yes,3999,5,10,No-cost EMI (installments),Protect engine/seals from damage,₹10-20L
R101134,Wave 2 - Jul 2026,Tier-3,South,Sedan,13.8,No,7123,Yes,5-10%,Yes,Ineffective,Yes,No,4499,5,10,No-cost EMI (installments),Protect engine/seals from damage,₹3-6L
R101135,Wave 1 - Jul 2026,Tier-1,West,SUV,3.6,Yes,2848,No,None noticed,Yes,Neutral/Mixed,Yes,Yes,5999,4,6,No-cost EMI (installments),Protect engine/seals from damage,₹3-6L
R101136,Wave 1 - Jul 2026,Tier-1,East,Two-wheeler,7.5,No,1181,No,None noticed,Yes,Neutral/Mixed,No,No,4499,2,1,One-time payment,Save money long-term vs additives,₹6-10L
R101137,Wave 1 - Jul 2026,Tier-1,South,Hatchback,2.7,No,3998,Yes,10-15%,No,Ineffective,No,Yes,4499,5,10,Subscription (device+cartridges bundled),Restore lost mileage,<₹3L
R101138,Wave 2 - Jul 2026,Metro,West,Two-wheeler,1.2,Yes,2083,No,None noticed,No,Ineffective,No,No,4499,1,0,One-time payment,Save money long-term vs additives,>₹20L
R101139,Wave 2 - Jul 2026,Tier-2,North,Two-wheeler,3.2,No,942,Yes,10-15%,Yes,Neutral/Mixed,Yes,No,5999,3,5,Subscription (device+cartridges bundled),Protect engine/seals from damage,<₹3L
R101140,Wave 1 - Jul 2026,Tier-1,North,SUV,4.8,No,9741,Yes,10-15%,No,Ineffective,No,Yes,5999,5,9,No-cost EMI (installments),Restore lost mileage,₹10-20L
R101141,Wave 2 - Jul 2026,Tier-2,North,Hatchback,1.9,Yes,5443,No,None noticed,No,Neutral/Mixed,No,No,3999,1,0,Subscription (device+cartridges bundled),Not sure / still skeptical,₹3-6L
R101142,Wave 2 - Jul 2026,Tier-3,West,SUV,6.8,No,6543,Yes,10-15%,Yes,Neutral/Mixed,No,Yes,5999,5,10,Subscription (device+cartridges bundled),Restore lost mileage,₹3-6L
R101143,Wave 2 - Jul 2026,Tier-3,South,Two-wheeler,2.4,Yes,1254,No,None noticed,No,Ineffective,No,No,5999,1,0,No-cost EMI (installments),Not sure / still skeptical,₹3-6L
R101144,Wave 1 - Jul 2026,Tier-1,West,Two-wheeler,1.5,Yes,1456,No,None noticed,No,Neutral/Mixed,No,No,5999,1,0,No-cost EMI (installments),Save money long-term vs additives,>₹20L
R101145,Wave 1 - Jul 2026,Tier-1,North,Hatchback,12.2,No,2458,No,None noticed,No,Ineffective,No,No,4499,3,8,One-time payment,Not sure / still skeptical,₹6-10L
R101146,Wave 2 - Jul 2026,Tier-2,East,Hatchback,1.8,No,3665,No,None noticed,No,Ineffective,Yes,No,3999,2,3,One-time payment,Not sure / still skeptical,<₹3L
R101147,Wave 1 - Jul 2026,Tier-2,East,Commercial/Fleet,2.3,Yes,25110,No,None noticed,No,Neutral/Mixed,No,No,4499,4,8,One-time payment,Environmental/fuel-quality concern,>₹20L
R101148,Wave 1 - Jul 2026,Tier-1,North,Two-wheeler,5.3,No,1605,Yes,10-15%,No,Ineffective,No,No,4499,5,10,No-cost EMI (installments),Save money long-term vs additives,₹3-6L
R101149,Wave 1 - Jul 2026,Tier-3,North,SUV,2.7,No,7840,Yes,15%+,Yes,Disastrous,Yes,No,3999,5,10,One-time payment,Protect engine/seals from damage,<₹3L
R101150,Wave 1 - Jul 2026,Metro,North,SUV,1.5,Yes,8460,No,None noticed,No,Neutral/Mixed,No,No,5999,1,0,No-cost EMI (installments),Protect engine/seals from damage,<₹3L
R101151,Wave 1 - Jul 2026,Tier-3,East,Hatchback,2.2,Yes,4883,No,None noticed,No,Positive,No,No,3999,3,4,Subscription (device+cartridges bundled),Save money long-term vs additives,₹10-20L
R101152,Wave 1 - Jul 2026,Metro,North,Two-wheeler,10.2,No,1703,Yes,5-10%,No,Neutral/Mixed,Yes,No,5999,2,2,Subscription (device+cartridges bundled),Save money long-term vs additives,₹3-6L
R101153,Wave 2 - Jul 2026,Metro,West,Hatchback,4.9,No,3546,Yes,10-15%,No,Disastrous,Yes,Yes,4499,3,2,One-time payment,Not sure / still skeptical,₹3-6L
R101154,Wave 1 - Jul 2026,Tier-1,South,Two-wheeler,5.5,No,2002,No,None noticed,Yes,Neutral/Mixed,Yes,No,3999,1,1,One-time payment,Not sure / still skeptical,>₹20L
R101155,Wave 2 - Jul 2026,Metro,East,SUV,4.0,No,11222,Yes,10-15%,Yes,Disastrous,Yes,No,4499,5,8,One-time payment,Restore lost mileage,₹6-10L
R101156,Wave 2 - Jul 2026,Metro,South,Hatchback,4.5,No,4996,Yes,10-15%,No,Ineffective,No,No,4499,3,6,One-time payment,Save money long-term vs additives,₹3-6L
R101157,Wave 2 - Jul 2026,Metro,West,Commercial/Fleet,2.5,Yes,14133,No,None noticed,No,Neutral/Mixed,No,No,5999,2,2,Subscription (device+cartridges bundled),Save money long-term vs additives,₹6-10L
R101158,Wave 2 - Jul 2026,Tier-1,Central,Hatchback,3.7,No,3000,Yes,10-15%,Yes,Ineffective,No,Yes,4499,5,9,Subscription (device+cartridges bundled),Protect engine/seals from damage,₹3-6L
R101159,Wave 2 - Jul 2026,Tier-2,North,Hatchback,0.6,Yes,3816,No,None noticed,No,Ineffective,No,No,3999,4,7,One-time payment,Protect engine/seals from damage,₹6-10L
R101160,Wave 1 - Jul 2026,Metro,East,Sedan,6.2,No,5899,No,None noticed,Yes,Ineffective,No,No,5999,2,4,One-time payment,Environmental/fuel-quality concern,₹3-6L
R101161,Wave 1 - Jul 2026,Tier-2,North,Hatchback,2.5,Yes,2120,Yes,0-5%,Yes,Disastrous,No,No,4499,5,10,One-time payment,Save money long-term vs additives,₹6-10L
R101162,Wave 2 - Jul 2026,Tier-3,South,Commercial/Fleet,1.3,Yes,21063,No,None noticed,No,Ineffective,No,No,3999,5,9,One-time payment,Restore lost mileage,₹10-20L
R101163,Wave 1 - Jul 2026,Metro,Central,Two-wheeler,3.8,No,1905,Yes,10-15%,Yes,Ineffective,Yes,No,5999,5,8,One-time payment,Save money long-term vs additives,₹3-6L
R101164,Wave 2 - Jul 2026,Metro,West,Commercial/Fleet,2.9,Yes,21486,No,None noticed,Yes,Ineffective,No,No,3999,5,10,One-time payment,Protect engine/seals from damage,₹3-6L
R101165,Wave 1 - Jul 2026,Tier-3,West,SUV,6.1,No,6648,Yes,10-15%,No,Ineffective,No,No,3999,5,8,One-time payment,Restore lost mileage,₹3-6L
R101166,Wave 1 - Jul 2026,Tier-3,South,SUV,3.3,No,6376,Yes,10-15%,Yes,Ineffective,Yes,No,4499,5,7,One-time payment,Restore lost mileage,₹10-20L
R101167,Wave 2 - Jul 2026,Tier-1,South,Hatchback,2.1,Yes,4553,No,None noticed,Yes,Ineffective,Yes,No,4499,4,8,No-cost EMI (installments),Restore lost mileage,₹10-20L
R101168,Wave 2 - Jul 2026,Tier-2,South,SUV,3.3,No,7848,Yes,10-15%,Yes,Ineffective,No,No,4499,5,10,No-cost EMI (installments),Protect engine/seals from damage,₹10-20L
R101169,Wave 1 - Jul 2026,Metro,West,Two-wheeler,8.1,No,1574,Yes,15%+,No,Neutral/Mixed,No,No,5999,1,0,No-cost EMI (installments),Not sure / still skeptical,>₹20L
R101170,Wave 2 - Jul 2026,Tier-1,South,Sedan,6.2,No,6777,Yes,10-15%,Yes,Neutral/Mixed,No,No,3999,4,7,One-time payment,Restore lost mileage,₹10-20L
R101171,Wave 1 - Jul 2026,Tier-2,South,Two-wheeler,4.9,No,1828,Yes,10-15%,Yes,Disastrous,Yes,No,5999,3,4,No-cost EMI (installments),Restore lost mileage,>₹20L
R101172,Wave 1 - Jul 2026,Metro,South,Two-wheeler,6.4,No,956,Yes,10-15%,Yes,Ineffective,No,No,3999,5,10,One-time payment,Protect engine/seals from damage,₹6-10L
R101173,Wave 2 - Jul 2026,Tier-2,South,Two-wheeler,5.1,No,1487,No,None noticed,No,Positive,No,No,3999,2,4,No-cost EMI (installments),Protect engine/seals from damage,₹3-6L
R101174,Wave 1 - Jul 2026,Tier-1,South,Two-wheeler,1.7,Yes,1258,No,None noticed,No,Ineffective,Yes,No,3999,2,2,One-time payment,Protect engine/seals from damage,₹6-10L
R101175,Wave 1 - Jul 2026,Tier-2,North,Two-wheeler,5.6,No,1361,Yes,10-15%,Yes,Disastrous,No,No,3999,5,8,Subscription (device+cartridges bundled),Protect engine/seals from damage,₹3-6L
R101176,Wave 1 - Jul 2026,Tier-1,East,SUV,6.9,No,10185,No,None noticed,No,Ineffective,Yes,No,4499,2,0,One-time payment,Save money long-term vs additives,<₹3L
R101177,Wave 1 - Jul 2026,Tier-1,West,Two-wheeler,7.1,No,1781,Yes,5-10%,Yes,Ineffective,Yes,No,5999,3,6,No-cost EMI (installments),Environmental/fuel-quality concern,₹3-6L
R101178,Wave 2 - Jul 2026,Metro,North,Sedan,1.4,Yes,8071,No,None noticed,Yes,Ineffective,Yes,No,5999,4,5,One-time payment,Protect engine/seals from damage,₹3-6L
R101179,Wave 1 - Jul 2026,Metro,West,Two-wheeler,2.3,Yes,1567,No,None noticed,No,Neutral/Mixed,Yes,No,5999,2,3,No-cost EMI (installments),Environmental/fuel-quality concern,₹10-20L
R101180,Wave 2 - Jul 2026,Tier-2,East,Sedan,2.1,No,5621,No,None noticed,No,Neutral/Mixed,No,Yes,3999,1,1,No-cost EMI (installments),Environmental/fuel-quality concern,₹3-6L
R101181,Wave 2 - Jul 2026,Metro,North,SUV,2.7,Yes,7619,No,None noticed,No,Neutral/Mixed,Yes,No,5999,2,2,One-time payment,Protect engine/seals from damage,<₹3L
R101182,Wave 1 - Jul 2026,Metro,North,Two-wheeler,4.6,No,720,No,None noticed,Yes,Disastrous,Yes,No,4499,3,4,No-cost EMI (installments),Protect engine/seals from damage,₹10-20L
R101183,Wave 2 - Jul 2026,Metro,North,Sedan,3.8,No,7976,Yes,15%+,Yes,Ineffective,No,Yes,5999,4,8,One-time payment,Save money long-term vs additives,₹6-10L
R101184,Wave 1 - Jul 2026,Metro,North,Commercial/Fleet,3.8,No,16833,Yes,5-10%,Yes,Ineffective,Yes,No,5999,5,8,No-cost EMI (installments),Environmental/fuel-quality concern,₹3-6L
R101185,Wave 1 - Jul 2026,Tier-3,East,SUV,1.1,Yes,9362,No,None noticed,No,Ineffective,Yes,No,3999,4,6,One-time payment,Restore lost mileage,₹3-6L
R101186,Wave 2 - Jul 2026,Tier-1,Central,Two-wheeler,2.3,Yes,1666,Yes,0-5%,No,Disastrous,Yes,No,4499,5,9,No-cost EMI (installments),Protect engine/seals from damage,₹3-6L
R101187,Wave 2 - Jul 2026,Tier-3,North,Hatchback,7.4,No,2736,Yes,10-15%,Yes,Disastrous,No,No,5999,5,10,Subscription (device+cartridges bundled),Protect engine/seals from damage,₹10-20L
R101188,Wave 1 - Jul 2026,Metro,East,Sedan,6.8,No,4300,Yes,10-15%,No,Positive,No,No,3999,2,4,One-time payment,Restore lost mileage,₹3-6L
R101189,Wave 2 - Jul 2026,Tier-2,North,Two-wheeler,3.2,No,2006,Yes,10-15%,Yes,Disastrous,Yes,Yes,5999,5,9,No-cost EMI (installments),Save money long-term vs additives,>₹20L
R101190,Wave 2 - Jul 2026,Tier-1,West,SUV,5.6,No,8867,Yes,10-15%,No,Disastrous,No,No,5999,5,8,Subscription (device+cartridges bundled),Restore lost mileage,₹3-6L
R101191,Wave 1 - Jul 2026,Tier-1,East,Two-wheeler,4.3,No,1172,Yes,10-15%,No,Disastrous,Yes,No,4499,5,10,No-cost EMI (installments),Save money long-term vs additives,₹10-20L
R101192,Wave 2 - Jul 2026,Tier-3,South,SUV,6.0,No,7910,Yes,10-15%,Yes,Disastrous,No,Yes,4499,5,7,One-time payment,Protect engine/seals from damage,<₹3L
R101193,Wave 1 - Jul 2026,Tier-3,North,Two-wheeler,5.7,No,1826,Yes,10-15%,No,Ineffective,No,No,4499,5,10,No-cost EMI (installments),Restore lost mileage,₹6-10L
R101194,Wave 1 - Jul 2026,Tier-3,West,Two-wheeler,3.4,No,1766,No,None noticed,No,Positive,No,No,5999,1,0,One-time payment,Not sure / still skeptical,₹3-6L
R101195,Wave 1 - Jul 2026,Metro,Central,Commercial/Fleet,4.9,No,10906,Yes,10-15%,Yes,Disastrous,Yes,No,4499,5,10,No-cost EMI (installments),Restore lost mileage,₹3-6L
R101196,Wave 1 - Jul 2026,Metro,South,SUV,4.5,No,11952,No,None noticed,No,Positive,No,No,4499,3,6,One-time payment,Environmental/fuel-quality concern,>₹20L
R101197,Wave 2 - Jul 2026,Tier-2,North,SUV,3.5,No,10418,Yes,10-15%,Yes,Disastrous,Yes,No,3999,5,8,No-cost EMI (installments),Save money long-term vs additives,₹10-20L
R101198,Wave 1 - Jul 2026,Tier-1,North,Commercial/Fleet,3.0,No,17710,Yes,10-15%,Yes,Disastrous,Yes,No,5999,5,9,No-cost EMI (installments),Protect engine/seals from damage,₹3-6L
R101199,Wave 1 - Jul 2026,Tier-2,West,Two-wheeler,9.3,No,933,No,None noticed,Yes,Neutral/Mixed,No,No,5999,2,2,No-cost EMI (installments),Protect engine/seals from damage,₹10-20L
